Workbook
Name 信号: [1]GRAPH!$I$129:$X$129
Name 機番: [1]GRAPH!$BP$130:$BP$230
Name 稼働: [1]Magnet!$T$24:$T$25
Name 除外除く信号: [1]GRAPH!$AG$130:$AV$130

Sheet OEE AHV
B1: การคำนวณ OEE | Z1: *I. จำนวนชิ้นงานเสีย (Defect Count) | AE1: *D. เวลาหยุดตามแผน (Planned Downtime) | AL1: *E. เวลาหยุดนอกแผน (Unplanned Downtime)
B2: Date | C2: Model | D2: Machine No. | E2: Cycle time | F2: Working HOURS. | G2: A. เวลาทั้งหมด (Total Time) minute | H2: B. เวลาที่ไม่ได้ วางแผนผลิต (Schedule Loss) *Break time | I2: C. เวลาที่ควร ทำงาน (Planned Production Time) A - B | J2: D. เวลาหยุด ตามแผน (Planned Downtime) | K2: E. เวลาหยุด นอกแผน (Unplanned Downtime) | L2: F. รวมเวลาหยุด ทั้งหมด (Total Stop Time) D + E | M2: G. เวลาที่ เครื่องจักร ทำงานจริง (Operating Time / Run Time) C - F | N2: M | O2: Column1 | P2: N | Q2: H. จำนวนชิ้น งานทั้งหมด ที่ผลิตได้ (Total Count) | R2: I. จำนวนชิ้น งานเสีย (Defect Count) | S2: J. จำนวนชิ้น งานดี (Good Count) H - I | T2: K. จำนวนชิ้นงาน ที่ควรผลิต ได้ตาม มาตรฐาน G / cycletime | U2: Availability (A%) (G / C) | V2: Performance (P%) (H / K) | W2: Quality (Q%) (J / H) | X2: OEE A% * P% * Q% | AE2: จำนวนครั้ง ที่หยุดเครื่อง Clean Machine | AF2: Intray & Out Tray | AG2: Set Lot | AH2: Wait 4 Tray สุดท้ายของ Lot. | AI2: QC Check master | AJ2: Prod.Check master แบบไม่ดูหน้าจอ Monitor | AK2: Prod.Check master แบบดูหน้าจอ Monitor | AL2: Adj. machine | AM2: PT-Chuck alarm | AN2: PT-Chuck miss alarm | AO2: PT-Full tray drop | AP2: PT-Lifter alarm | AQ2: PT-Supportter alarm | AR2: PT-Z Over load | AS2: Supply work float NG | AT2: Visual 3 chuck alarm | AU2: Visual 5 under pusher alarm | AV2: Wait part
B3: 46055 | C3: DRD | D3: AHV-01 | E3: 4.3 | F3: 24 | G3: =F3*60 -> 1440 | H3: 0 | I3: =+G3-H3 -> 1440 | J3: =SUM(AF3:AK3) -> 92.611979 | K3: =SUM(AL3:AX3) -> 219 | L3: =+K3+J3 -> 311.61198 | M3: =+I3-L3 -> 1128.388 | N3: 7160 | P3: 7676 | Q3: =SUM(N3:P3) -> 14836 | R3: =SUM(Z3:AD3) -> 1 | S3: =+Q3-R3 -> 14835 | T3: =IFERROR((M3*60)/E3,"-") -> 15744.949 | U3: =IFERROR(M3/I3," ") -> 0.78360279 | V3: =IFERROR(Q3/T3," ") -> 0.94227043 | W3: =IFERROR(S3/Q3," ") -> 0.9999326 | X3: =IFERROR(U3*V3*W3," ") -> 0.73831597 | Z3: 1 | AE3: =Table24[[#This Row],[H. จำนวนชิ้น งานทั้งหมด ที่ผลิตได้ (Total Count)]]/512*1 -> 28.976562 | AF3: =(Q3/512*68/60) -> 32.840104 | AG3: =(Q3/512*35/60) -> 16.902995 | AH3: =(Q3/512*37/60) -> 17.86888 | AI3: 10 | AJ3: 5 | AK3: 10 | AL3: =SUMIFS(Table1[Column1],Table1[Date],'OEE AHV'!$B3,Table1[M/C],'OEE AHV'!$D3,Table1[Case downtime],'OEE AHV'!AL$2) -> 0 | AM3: =SUMIFS(Table1[Column1],Table1[Date],'OEE AHV'!$B3,Table1[M/C],'OEE AHV'!$D3,Table1[Case downtime],'OEE AHV'!AM$2) -> 0 | AN3: =SUMIFS(Table1[Column1],Table1[Date],'OEE AHV'!$B3,Table1[M/C],'OEE AHV'!$D3,Table1[Case downtime],'OEE AHV'!AN$2) -> 0 | AO3: =SUMIFS(Table1[Column1],Table1[Date],'OEE AHV'!$B3,Table1[M/C],'OEE AHV'!$D3,Table1[Case downtime],'OEE AHV'!AO$2) -> 0 | AP3: =SUMIFS(Table1[Column1],Table1[Date],'OEE AHV'!$B3,Table1[M/C],'OEE AHV'!$D3,Table1[Case downtime],'OEE AHV'!AP$2) -> 0 | AQ3: =SUMIFS(Table1[Column1],Table1[Date],'OEE AHV'!$B3,Table1[M/C],'OEE AHV'!$D3,Table1[Case downtime],'OEE AHV'!AQ$2) -> 0 | AR3: =SUMIFS(Table1[Column1],Table1[Date],'OEE AHV'!$B3,Table1[M/C],'OEE AHV'!$D3,Table1[Case downtime],'OEE AHV'!AR$2) -> 0 | AS3: =SUMIFS(Table1[Column1],Table1[Date],'OEE AHV'!$B3,Table1[M/C],'OEE AHV'!$D3,Table1[Case downtime],'OEE AHV'!AS$2) -> 0 | ... AX3: =SUMIFS(Table1[Column1],Table1[Date],'OEE AHV'!$B3,Table1[M/C],'OEE AHV'!$D3,Table1[Case downtime],'OEE AHV'!AX$2) -> 0
B4: 46056 | C4: DRD | D4: AHV-01 | E4: 4.3 | F4: 24 | G4: =F4*60 -> 1440 | H4: 0 | I4: =+G4-H4 -> 1440 | J4: =SUM(AF4:AK4) -> 101.94531 | K4: =SUM(AL4:AX4) -> 140 | L4: =+K4+J4 -> 241.94531 | M4: =+I4-L4 -> 1198.0547 | N4: 7672 | P4: 9212 | Q4: =SUM(N4:P4) -> 16884 | R4: =SUM(Z4:AD4) -> 0 | S4: =+Q4-R4 -> 16884 | T4: =IFERROR((M4*60)/E4,"-") -> 16717.042 | U4: =IFERROR(M4/I4," ") -> 0.83198242 | V4: =IFERROR(Q4/T4," ") -> 1.0099873 | W4: =IFERROR(S4/Q4," ") -> 1 | X4: =IFERROR(U4*V4*W4," ") -> 0.84029167 | Z4: 0 | AE4: =Table24[[#This Row],[H. จำนวนชิ้น งานทั้งหมด ที่ผลิตได้ (Total Count)]]/512*1 -> 32.976562 | AF4: =(Q4/512*68/60) -> 37.373438 | AG4: =(Q4/512*35/60) -> 19.236328 | AH4: =(Q4/512*37/60) -> 20.335547 | AI4: 10 | AJ4: 5 | AK4: 10 | AL4: =SUMIFS(Table1[Column1],Table1[Date],'OEE AHV'!$B4,Table1[M/C],'OEE AHV'!$D4,Table1[Case downtime],'OEE AHV'!AL$2) -> 0 | AM4: =SUMIFS(Table1[Column1],Table1[Date],'OEE AHV'!$B4,Table1[M/C],'OEE AHV'!$D4,Table1[Case downtime],'OEE AHV'!AM$2) -> 0 | AN4: =SUMIFS(Table1[Column1],Table1[Date],'OEE AHV'!$B4,Table1[M/C],'OEE AHV'!$D4,Table1[Case downtime],'OEE AHV'!AN$2) -> 0 | AO4: =SUMIFS(Table1[Column1],Table1[Date],'OEE AHV'!$B4,Table1[M/C],'OEE AHV'!$D4,Table1[Case downtime],'OEE AHV'!AO$2) -> 0 | AP4: =SUMIFS(Table1[Column1],Table1[Date],'OEE AHV'!$B4,Table1[M/C],'OEE AHV'!$D4,Table1[Case downtime],'OEE AHV'!AP$2) -> 0 | AQ4: =SUMIFS(Table1[Column1],Table1[Date],'OEE AHV'!$B4,Table1[M/C],'OEE AHV'!$D4,Table1[Case downtime],'OEE AHV'!AQ$2) -> 0 | AR4: =SUMIFS(Table1[Column1],Table1[Date],'OEE AHV'!$B4,Table1[M/C],'OEE AHV'!$D4,Table1[Case downtime],'OEE AHV'!AR$2) -> 0 | AS4: =SUMIFS(Table1[Column1],Table1[Date],'OEE AHV'!$B4,Table1[M/C],'OEE AHV'!$D4,Table1[Case downtime],'OEE AHV'!AS$2) -> 0 | ... AX4: =SUMIFS(Table1[Column1],Table1[Date],'OEE AHV'!$B4,Table1[M/C],'OEE AHV'!$D4,Table1[Case downtime],'OEE AHV'!AX$2) -> 0
B5: 46057 | C5: DRD | D5: AHV-01 | E5: 4.3 | F5: 24 | G5: =F5*60 -> 1440 | H5: 0 | I5: =+G5-H5 -> 1440 | J5: =SUM(AF5:AK5) -> 99.630208 | K5: =SUM(AL5:AX5) -> 254 | L5: =+K5+J5 -> 353.63021 | M5: =+I5-L5 -> 1086.3698 | N5: 8188 | P5: 8188 | Q5: =SUM(N5:P5) -> 16376 | R5: =SUM(Z5:AD5) -> 0 | S5: =+Q5-R5 -> 16376 | T5: =IFERROR((M5*60)/E5,"-") -> 15158.648 | U5: =IFERROR(M5/I5," ") -> 0.75442347 | V5: =IFERROR(Q5/T5," ") -> 1.0803074 | W5: =IFERROR(S5/Q5," ") -> 1 | X5: =IFERROR(U5*V5*W5," ") -> 0.81500926 | Z5: 0 | AE5: =Table24[[#This Row],[H. จำนวนชิ้น งานทั้งหมด ที่ผลิตได้ (Total Count)]]/512*1 -> 31.984375 | AF5: =(Q5/512*68/60) -> 36.248958 | AG5: =(Q5/512*35/60) -> 18.657552 | AH5: =(Q5/512*37/60) -> 19.723698 | AI5: 10 | AJ5: 5 | AK5: 10 | AL5: =SUMIFS(Table1[Column1],Table1[Date],'OEE AHV'!$B5,Table1[M/C],'OEE AHV'!$D5,Table1[Case downtime],'OEE AHV'!AL$2) -> 15 | AM5: =SUMIFS(Table1[Column1],Table1[Date],'OEE AHV'!$B5,Table1[M/C],'OEE AHV'!$D5,Table1[Case downtime],'OEE AHV'!AM$2) -> 0 | AN5: =SUMIFS(Table1[Column1],Table1[Date],'OEE AHV'!$B5,Table1[M/C],'OEE AHV'!$D5,Table1[Case downtime],'OEE AHV'!AN$2) -> 0 | AO5: =SUMIFS(Table1[Column1],Table1[Date],'OEE AHV'!$B5,Table1[M/C],'OEE AHV'!$D5,Table1[Case downtime],'OEE AHV'!AO$2) -> 0 | AP5: =SUMIFS(Table1[Column1],Table1[Date],'OEE AHV'!$B5,Table1[M/C],'OEE AHV'!$D5,Table1[Case downtime],'OEE AHV'!AP$2) -> 0 | AQ5: =SUMIFS(Table1[Column1],Table1[Date],'OEE AHV'!$B5,Table1[M/C],'OEE AHV'!$D5,Table1[Case downtime],'OEE AHV'!AQ$2) -> 0 | AR5: =SUMIFS(Table1[Column1],Table1[Date],'OEE AHV'!$B5,Table1[M/C],'OEE AHV'!$D5,Table1[Case downtime],'OEE AHV'!AR$2) -> 0 | AS5: =SUMIFS(Table1[Column1],Table1[Date],'OEE AHV'!$B5,Table1[M/C],'OEE AHV'!$D5,Table1[Case downtime],'OEE AHV'!AS$2) -> 0 | ... AX5: =SUMIFS(Table1[Column1],Table1[Date],'OEE AHV'!$B5,Table1[M/C],'OEE AHV'!$D5,Table1[Case downtime],'OEE AHV'!AX$2) -> 0
B6: 46058 | C6: DRD | D6: AHV-01 | E6: 4.3 | F6: 24 | G6: =F6*60 -> 1440 | H6: 0 | I6: =+G6-H6 -> 1440 | J6: =SUM(AF6:AK6) -> 104.29232 | K6: =SUM(AL6:AX6) -> 196 | L6: =+K6+J6 -> 300.29232 | M6: =+I6-L6 -> 1139.7077 | N6: 9212 | P6: 8187 | Q6: =SUM(N6:P6) -> 17399 | R6: =SUM(Z6:AD6) -> 2 | S6: =+Q6-R6 -> 17397 | T6: =IFERROR((M6*60)/E6,"-") -> 15902.898 | U6: =IFERROR(M6/I6," ") -> 0.79146367 | V6: =IFERROR(Q6/T6," ") -> 1.0940773 | W6: =IFERROR(S6/Q6," ") -> 0.99988505 | X6: =IFERROR(U6*V6*W6," ") -> 0.86582292 | Z6: 2 | AE6: =Table24[[#This Row],[H. จำนวนชิ้น งานทั้งหมด ที่ผลิตได้ (Total Count)]]/512*1 -> 33.982422 | AF6: =(Q6/512*68/60) -> 38.513411 | AG6: =(Q6/512*35/60) -> 19.823079 | AH6: =(Q6/512*37/60) -> 20.955827 | AI6: 10 | AJ6: 5 | AK6: 10 | AL6: =SUMIFS(Table1[Column1],Table1[Date],'OEE AHV'!$B6,Table1[M/C],'OEE AHV'!$D6,Table1[Case downtime],'OEE AHV'!AL$2) -> 25 | AM6: =SUMIFS(Table1[Column1],Table1[Date],'OEE AHV'!$B6,Table1[M/C],'OEE AHV'!$D6,Table1[Case downtime],'OEE AHV'!AM$2) -> 0 | AN6: =SUMIFS(Table1[Column1],Table1[Date],'OEE AHV'!$B6,Table1[M/C],'OEE AHV'!$D6,Table1[Case downtime],'OEE AHV'!AN$2) -> 0 | AO6: =SUMIFS(Table1[Column1],Table1[Date],'OEE AHV'!$B6,Table1[M/C],'OEE AHV'!$D6,Table1[Case downtime],'OEE AHV'!AO$2) -> 0 | AP6: =SUMIFS(Table1[Column1],Table1[Date],'OEE AHV'!$B6,Table1[M/C],'OEE AHV'!$D6,Table1[Case downtime],'OEE AHV'!AP$2) -> 0 | AQ6: =SUMIFS(Table1[Column1],Table1[Date],'OEE AHV'!$B6,Table1[M/C],'OEE AHV'!$D6,Table1[Case downtime],'OEE AHV'!AQ$2) -> 0 | AR6: =SUMIFS(Table1[Column1],Table1[Date],'OEE AHV'!$B6,Table1[M/C],'OEE AHV'!$D6,Table1[Case downtime],'OEE AHV'!AR$2) -> 0 | AS6: =SUMIFS(Table1[Column1],Table1[Date],'OEE AHV'!$B6,Table1[M/C],'OEE AHV'!$D6,Table1[Case downtime],'OEE AHV'!AS$2) -> 0 | ... AX6: =SUMIFS(Table1[Column1],Table1[Date],'OEE AHV'!$B6,Table1[M/C],'OEE AHV'!$D6,Table1[Case downtime],'OEE AHV'!AX$2) -> 0
B7: 46059 | C7: DRD | D7: AHV-01 | E7: 4.3 | F7: 24 | G7: =F7*60 -> 1440 | H7: 0 | I7: =+G7-H7 -> 1440 | J7: =SUM(AF7:AK7) -> 97.310547 | K7: =SUM(AL7:AX7) -> 278 | L7: =+K7+J7 -> 375.31055 | M7: =+I7-L7 -> 1064.6895 | N7: 7676 | P7: 8191 | Q7: =SUM(N7:P7) -> 15867 | R7: =SUM(Z7:AD7) -> 1 | S7: =+Q7-R7 -> 15866 | T7: =IFERROR((M7*60)/E7,"-") -> 14856.132 | U7: =IFERROR(M7/I7," ") -> 0.73936768 | V7: =IFERROR(Q7/T7," ") -> 1.0680438 | W7: =IFERROR(S7/Q7," ") -> 0.99993698 | X7: =IFERROR(U7*V7*W7," ") -> 0.78962731 | Z7: 1 | AE7: =Table24[[#This Row],[H. จำนวนชิ้น งานทั้งหมด ที่ผลิตได้ (Total Count)]]/512*1 -> 30.990234 | AF7: =(Q7/512*68/60) -> 35.122266 | AG7: =(Q7/512*35/60) -> 18.077637 | AH7: =(Q7/512*37/60) -> 19.110645 | AI7: 10 | AJ7: 5 | AK7: 10 | AL7: =SUMIFS(Table1[Column1],Table1[Date],'OEE AHV'!$B7,Table1[M/C],'OEE AHV'!$D7,Table1[Case downtime],'OEE AHV'!AL$2) -> 0 | AM7: =SUMIFS(Table1[Column1],Table1[Date],'OEE AHV'!$B7,Table1[M/C],'OEE AHV'!$D7,Table1[Case downtime],'OEE AHV'!AM$2) -> 0 | AN7: =SUMIFS(Table1[Column1],Table1[Date],'OEE AHV'!$B7,Table1[M/C],'OEE AHV'!$D7,Table1[Case downtime],'OEE AHV'!AN$2) -> 0 | AO7: =SUMIFS(Table1[Column1],Table1[Date],'OEE AHV'!$B7,Table1[M/C],'OEE AHV'!$D7,Table1[Case downtime],'OEE AHV'!AO$2) -> 0 | AP7: =SUMIFS(Table1[Column1],Table1[Date],'OEE AHV'!$B7,Table1[M/C],'OEE AHV'!$D7,Table1[Case downtime],'OEE AHV'!AP$2) -> 0 | AQ7: =SUMIFS(Table1[Column1],Table1[Date],'OEE AHV'!$B7,Table1[M/C],'OEE AHV'!$D7,Table1[Case downtime],'OEE AHV'!AQ$2) -> 0 | AR7: =SUMIFS(Table1[Column1],Table1[Date],'OEE AHV'!$B7,Table1[M/C],'OEE AHV'!$D7,Table1[Case downtime],'OEE AHV'!AR$2) -> 0 | AS7: =SUMIFS(Table1[Column1],Table1[Date],'OEE AHV'!$B7,Table1[M/C],'OEE AHV'!$D7,Table1[Case downtime],'OEE AHV'!AS$2) -> 0 | ... AX7: =SUMIFS(Table1[Column1],Table1[Date],'OEE AHV'!$B7,Table1[M/C],'OEE AHV'!$D7,Table1[Case downtime],'OEE AHV'!AX$2) -> 0
B8: 46060 | C8: DRD | D8: AHV-01 | E8: 4.3 | F8: 24 | G8: =F8*60 -> 1440 | H8: 0 | I8: =+G8-H8 -> 1440 | J8: =SUM(AF8:AK8) -> 106.59375 | K8: =SUM(AL8:AX8) -> 45 | L8: =+K8+J8 -> 151.59375 | M8: =+I8-L8 -> 1288.4062 | N8: 9208 | P8: 8696 | Q8: =SUM(N8:P8) -> 17904 | R8: =SUM(Z8:AD8) -> 0 | S8: =+Q8-R8 -> 17904 | T8: =IFERROR((M8*60)/E8,"-") -> 17977.762 | U8: =IFERROR(M8/I8," ") -> 0.89472656 | V8: =IFERROR(Q8/T8," ") -> 0.99589706 | W8: =IFERROR(S8/Q8," ") -> 1 | X8: =IFERROR(U8*V8*W8," ") -> 0.89105556 | Z8: 0 | AE8: =Table24[[#This Row],[H. จำนวนชิ้น งานทั้งหมด ที่ผลิตได้ (Total Count)]]/512*1 -> 34.96875 | AF8: =(Q8/512*68/60) -> 39.63125 | AG8: =(Q8/512*35/60) -> 20.398438 | AH8: =(Q8/512*37/60) -> 21.564062 | AI8: 10 | AJ8: 5 | AK8: 10 | AL8: =SUMIFS(Table1[Column1],Table1[Date],'OEE AHV'!$B8,Table1[M/C],'OEE AHV'!$D8,Table1[Case downtime],'OEE AHV'!AL$2) -> 0 | AM8: =SUMIFS(Table1[Column1],Table1[Date],'OEE AHV'!$B8,Table1[M/C],'OEE AHV'!$D8,Table1[Case downtime],'OEE AHV'!AM$2) -> 0 | AN8: =SUMIFS(Table1[Column1],Table1[Date],'OEE AHV'!$B8,Table1[M/C],'OEE AHV'!$D8,Table1[Case downtime],'OEE AHV'!AN$2) -> 0 | AO8: =SUMIFS(Table1[Column1],Table1[Date],'OEE AHV'!$B8,Table1[M/C],'OEE AHV'!$D8,Table1[Case downtime],'OEE AHV'!AO$2) -> 0 | AP8: =SUMIFS(Table1[Column1],Table1[Date],'OEE AHV'!$B8,Table1[M/C],'OEE AHV'!$D8,Table1[Case downtime],'OEE AHV'!AP$2) -> 0 | AQ8: =SUMIFS(Table1[Column1],Table1[Date],'OEE AHV'!$B8,Table1[M/C],'OEE AHV'!$D8,Table1[Case downtime],'OEE AHV'!AQ$2) -> 0 | AR8: =SUMIFS(Table1[Column1],Table1[Date],'OEE AHV'!$B8,Table1[M/C],'OEE AHV'!$D8,Table1[Case downtime],'OEE AHV'!AR$2) -> 0 | AS8: =SUMIFS(Table1[Column1],Table1[Date],'OEE AHV'!$B8,Table1[M/C],'OEE AHV'!$D8,Table1[Case downtime],'OEE AHV'!AS$2) -> 0 | ... AX8: =SUMIFS(Table1[Column1],Table1[Date],'OEE AHV'!$B8,Table1[M/C],'OEE AHV'!$D8,Table1[Case downtime],'OEE AHV'!AX$2) -> 0
B9: 46061 | C9: DRD | D9: AHV-01 | E9: 4.3 | F9: 12 | G9: =F9*60 -> 720 | H9: 0 | I9: =+G9-H9 -> 720 | J9: =SUM(AF9:AK9) -> 55.296875 | K9: =SUM(AL9:AX9) -> 0 | L9: =+K9+J9 -> 55.296875 | M9: =+I9-L9 -> 664.70312 | N9: 0 | P9: 6648 | Q9: =SUM(N9:P9) -> 6648 | R9: =SUM(Z9:AD9) -> 0 | S9: =+Q9-R9 -> 6648 | T9: =IFERROR((M9*60)/E9,"-") -> 9274.9273 | U9: =IFERROR(M9/I9," ") -> 0.92319878 | V9: =IFERROR(Q9/T9," ") -> 0.71677111 | W9: =IFERROR(S9/Q9," ") -> 1 | X9: =IFERROR(U9*V9*W9," ") -> 0.66172222 | Z9: 0 | AE9: =Table24[[#This Row],[H. จำนวนชิ้น งานทั้งหมด ที่ผลิตได้ (Total Count)]]/512*1 -> 12.984375 | AF9: =(Q9/512*68/60) -> 14.715625 | AG9: =(Q9/512*35/60) -> 7.5742188 | AH9: =(Q9/512*37/60) -> 8.0070313 | AI9: 10 | AJ9: 5 | AK9: 10 | AL9: =SUMIFS(Table1[Column1],Table1[Date],'OEE AHV'!$B9,Table1[M/C],'OEE AHV'!$D9,Table1[Case downtime],'OEE AHV'!AL$2) -> 0 | AM9: =SUMIFS(Table1[Column1],Table1[Date],'OEE AHV'!$B9,Table1[M/C],'OEE AHV'!$D9,Table1[Case downtime],'OEE AHV'!AM$2) -> 0 | AN9: =SUMIFS(Table1[Column1],Table1[Date],'OEE AHV'!$B9,Table1[M/C],'OEE AHV'!$D9,Table1[Case downtime],'OEE AHV'!AN$2) -> 0 | AO9: =SUMIFS(Table1[Column1],Table1[Date],'OEE AHV'!$B9,Table1[M/C],'OEE AHV'!$D9,Table1[Case downtime],'OEE AHV'!AO$2) -> 0 | AP9: =SUMIFS(Table1[Column1],Table1[Date],'OEE AHV'!$B9,Table1[M/C],'OEE AHV'!$D9,Table1[Case downtime],'OEE AHV'!AP$2) -> 0 | AQ9: =SUMIFS(Table1[Column1],Table1[Date],'OEE AHV'!$B9,Table1[M/C],'OEE AHV'!$D9,Table1[Case downtime],'OEE AHV'!AQ$2) -> 0 | AR9: =SUMIFS(Table1[Column1],Table1[Date],'OEE AHV'!$B9,Table1[M/C],'OEE AHV'!$D9,Table1[Case downtime],'OEE AHV'!AR$2) -> 0 | AS9: =SUMIFS(Table1[Column1],Table1[Date],'OEE AHV'!$B9,Table1[M/C],'OEE AHV'!$D9,Table1[Case downtime],'OEE AHV'!AS$2) -> 0 | ... AX9: =SUMIFS(Table1[Column1],Table1[Date],'OEE AHV'!$B9,Table1[M/C],'OEE AHV'!$D9,Table1[Case downtime],'OEE AHV'!AX$2) -> 0
B10: 46062 | C10: DRD | D10: AHV-01 | E10: 4.3 | F10: 24 | G10: =F10*60 -> 1440 | H10: 0 | I10: =+G10-H10 -> 1440 | J10: =SUM(AF10:AK10) -> 108.92708 | K10: =SUM(AL10:AX10) -> 32 | L10: =+K10+J10 -> 140.92708 | M10: =+I10-L10 -> 1299.0729 | N10: 9208 | P10: 9208 | Q10: =SUM(N10:P10) -> 18416 | R10: =SUM(Z10:AD10) -> 2 | S10: =+Q10-R10 -> 18414 | T10: =IFERROR((M10*60)/E10,"-") -> 18126.599 | U10: =IFERROR(M10/I10," ") -> 0.90213397 | V10: =IFERROR(Q10/T10," ") -> 1.0159656 | W10: =IFERROR(S10/Q10," ") -> 0.9998914 | X10: =IFERROR(U10*V10*W10," ") -> 0.9164375 | Z10: 2 | AE10: =Table24[[#This Row],[H. จำนวนชิ้น งานทั้งหมด ที่ผลิตได้ (Total Count)]]/512*1 -> 35.96875 | AF10: =(Q10/512*68/60) -> 40.764583 | AG10: =(Q10/512*35/60) -> 20.981771 | AH10: =(Q10/512*37/60) -> 22.180729 | AI10: 10 | AJ10: 5 | AK10: 10 | AL10: =SUMIFS(Table1[Column1],Table1[Date],'OEE AHV'!$B10,Table1[M/C],'OEE AHV'!$D10,Table1[Case downtime],'OEE AHV'!AL$2) -> 0 | AM10: =SUMIFS(Table1[Column1],Table1[Date],'OEE AHV'!$B10,Table1[M/C],'OEE AHV'!$D10,Table1[Case downtime],'OEE AHV'!AM$2) -> 0 | AN10: =SUMIFS(Table1[Column1],Table1[Date],'OEE AHV'!$B10,Table1[M/C],'OEE AHV'!$D10,Table1[Case downtime],'OEE AHV'!AN$2) -> 0 | AO10: =SUMIFS(Table1[Column1],Table1[Date],'OEE AHV'!$B10,Table1[M/C],'OEE AHV'!$D10,Table1[Case downtime],'OEE AHV'!AO$2) -> 0 | AP10: =SUMIFS(Table1[Column1],Table1[Date],'OEE AHV'!$B10,Table1[M/C],'OEE AHV'!$D10,Table1[Case downtime],'OEE AHV'!AP$2) -> 0 | AQ10: =SUMIFS(Table1[Column1],Table1[Date],'OEE AHV'!$B10,Table1[M/C],'OEE AHV'!$D10,Table1[Case downtime],'OEE AHV'!AQ$2) -> 0 | AR10: =SUMIFS(Table1[Column1],Table1[Date],'OEE AHV'!$B10,Table1[M/C],'OEE AHV'!$D10,Table1[Case downtime],'OEE AHV'!AR$2) -> 0 | AS10: =SUMIFS(Table1[Column1],Table1[Date],'OEE AHV'!$B10,Table1[M/C],'OEE AHV'!$D10,Table1[Case downtime],'OEE AHV'!AS$2) -> 0 | ... AX10: =SUMIFS(Table1[Column1],Table1[Date],'OEE AHV'!$B10,Table1[M/C],'OEE AHV'!$D10,Table1[Case downtime],'OEE AHV'!AX$2) -> 0
B11: 46063 | C11: DRD | D11: AHV-01 | E11: 4.3 | F11: 24 | G11: =F11*60 -> 1440 | H11: 0 | I11: =+G11-H11 -> 1440 | J11: =SUM(AF11:AK11) -> 106.62565 | K11: =SUM(AL11:AX11) -> 103 | L11: =+K11+J11 -> 209.62565 | M11: =+I11-L11 -> 1230.3743 | N11: 8700 | P11: 9211 | Q11: =SUM(N11:P11) -> 17911 | R11: =SUM(Z11:AD11) -> 1 | S11: =+Q11-R11 -> 17910 | T11: =IFERROR((M11*60)/E11,"-") -> 17168.014 | U11: =IFERROR(M11/I11," ") -> 0.85442663 | V11: =IFERROR(Q11/T11," ") -> 1.0432773 | W11: =IFERROR(S11/Q11," ") -> 0.99994417 | X11: =IFERROR(U11*V11*W11," ") -> 0.89135417 | Z11: 1 | AE11: =Table24[[#This Row],[H. จำนวนชิ้น งานทั้งหมด ที่ผลิตได้ (Total Count)]]/512*1 -> 34.982422 | AF11: =(Q11/512*68/60) -> 39.646745 | AG11: =(Q11/512*35/60) -> 20.406413 | AH11: =(Q11/512*37/60) -> 21.572493 | AI11: 10 | AJ11: 5 | AK11: 10 | AL11: =SUMIFS(Table1[Column1],Table1[Date],'OEE AHV'!$B11,Table1[M/C],'OEE AHV'!$D11,Table1[Case downtime],'OEE AHV'!AL$2) -> 39 | AM11: =SUMIFS(Table1[Column1],Table1[Date],'OEE AHV'!$B11,Table1[M/C],'OEE AHV'!$D11,Table1[Case downtime],'OEE AHV'!AM$2) -> 0 | AN11: =SUMIFS(Table1[Column1],Table1[Date],'OEE AHV'!$B11,Table1[M/C],'OEE AHV'!$D11,Table1[Case downtime],'OEE AHV'!AN$2) -> 0 | AO11: =SUMIFS(Table1[Column1],Table1[Date],'OEE AHV'!$B11,Table1[M/C],'OEE AHV'!$D11,Table1[Case downtime],'OEE AHV'!AO$2) -> 0 | AP11: =SUMIFS(Table1[Column1],Table1[Date],'OEE AHV'!$B11,Table1[M/C],'OEE AHV'!$D11,Table1[Case downtime],'OEE AHV'!AP$2) -> 0 | AQ11: =SUMIFS(Table1[Column1],Table1[Date],'OEE AHV'!$B11,Table1[M/C],'OEE AHV'!$D11,Table1[Case downtime],'OEE AHV'!AQ$2) -> 0 | AR11: =SUMIFS(Table1[Column1],Table1[Date],'OEE AHV'!$B11,Table1[M/C],'OEE AHV'!$D11,Table1[Case downtime],'OEE AHV'!AR$2) -> 0 | AS11: =SUMIFS(Table1[Column1],Table1[Date],'OEE AHV'!$B11,Table1[M/C],'OEE AHV'!$D11,Table1[Case downtime],'OEE AHV'!AS$2) -> 0 | ... AX11: =SUMIFS(Table1[Column1],Table1[Date],'OEE AHV'!$B11,Table1[M/C],'OEE AHV'!$D11,Table1[Case downtime],'OEE AHV'!AX$2) -> 0
B12: 46064 | C12: DRD | D12: AHV-01 | E12: 4.3 | F12: 24 | G12: =F12*60 -> 1440 | H12: 0 | I12: =+G12-H12 -> 1440 | J12: =SUM(AF12:AK12) -> 111.27865 | K12: =SUM(AL12:AX12) -> 0 | L12: =+K12+J12 -> 111.27865 | M12: =+I12-L12 -> 1328.7214 | N12: 9212 | P12: 9720 | Q12: =SUM(N12:P12) -> 18932 | R12: =SUM(Z12:AD12) -> 0 | S12: =+Q12-R12 -> 18932 | T12: =IFERROR((M12*60)/E12,"-") -> 18540.298 | U12: =IFERROR(M12/I12," ") -> 0.92272316 | V12: =IFERROR(Q12/T12," ") -> 1.0211271 | W12: =IFERROR(S12/Q12," ") -> 1 | X12: =IFERROR(U12*V12*W12," ") -> 0.94221759 | Z12: 0 | AE12: =Table24[[#This Row],[H. จำนวนชิ้น งานทั้งหมด ที่ผลิตได้ (Total Count)]]/512*1 -> 36.976562 | AF12: =(Q12/512*68/60) -> 41.906771 | AG12: =(Q12/512*35/60) -> 21.569661 | AH12: =(Q12/512*37/60) -> 22.802214 | AI12: 10 | AJ12: 5 | AK12: 10 | AL12: =SUMIFS(Table1[Column1],Table1[Date],'OEE AHV'!$B12,Table1[M/C],'OEE AHV'!$D12,Table1[Case downtime],'OEE AHV'!AL$2) -> 0 | AM12: =SUMIFS(Table1[Column1],Table1[Date],'OEE AHV'!$B12,Table1[M/C],'OEE AHV'!$D12,Table1[Case downtime],'OEE AHV'!AM$2) -> 0 | AN12: =SUMIFS(Table1[Column1],Table1[Date],'OEE AHV'!$B12,Table1[M/C],'OEE AHV'!$D12,Table1[Case downtime],'OEE AHV'!AN$2) -> 0 | AO12: =SUMIFS(Table1[Column1],Table1[Date],'OEE AHV'!$B12,Table1[M/C],'OEE AHV'!$D12,Table1[Case downtime],'OEE AHV'!AO$2) -> 0 | AP12: =SUMIFS(Table1[Column1],Table1[Date],'OEE AHV'!$B12,Table1[M/C],'OEE AHV'!$D12,Table1[Case downtime],'OEE AHV'!AP$2) -> 0 | AQ12: =SUMIFS(Table1[Column1],Table1[Date],'OEE AHV'!$B12,Table1[M/C],'OEE AHV'!$D12,Table1[Case downtime],'OEE AHV'!AQ$2) -> 0 | AR12: =SUMIFS(Table1[Column1],Table1[Date],'OEE AHV'!$B12,Table1[M/C],'OEE AHV'!$D12,Table1[Case downtime],'OEE AHV'!AR$2) -> 0 | AS12: =SUMIFS(Table1[Column1],Table1[Date],'OEE AHV'!$B12,Table1[M/C],'OEE AHV'!$D12,Table1[Case downtime],'OEE AHV'!AS$2) -> 0 | ... AX12: =SUMIFS(Table1[Column1],Table1[Date],'OEE AHV'!$B12,Table1[M/C],'OEE AHV'!$D12,Table1[Case downtime],'OEE AHV'!AX$2) -> 0
B13: 46065 | C13: DRD | D13: AHV-01 | E13: 4.3 | F13: 24 | G13: =F13*60 -> 1440 | H13: 0 | I13: =+G13-H13 -> 1440 | J13: =SUM(AF13:AK13) -> 111.22396 | K13: =SUM(AL13:AX13) -> 0 | L13: =+K13+J13 -> 111.22396 | M13: =+I13-L13 -> 1328.776 | N13: 9207 | P13: 9713 | Q13: =SUM(N13:P13) -> 18920 | R13: =SUM(Z13:AD13) -> 6 | S13: =+Q13-R13 -> 18914 | T13: =IFERROR((M13*60)/E13,"-") -> 18541.061 | U13: =IFERROR(M13/I13," ") -> 0.92276114 | V13: =IFERROR(Q13/T13," ") -> 1.0204378 | W13: =IFERROR(S13/Q13," ") -> 0.99968288 | X13: =IFERROR(U13*V13*W13," ") -> 0.94132176 | Z13: 6 | AE13: =Table24[[#This Row],[H. จำนวนชิ้น งานทั้งหมด ที่ผลิตได้ (Total Count)]]/512*1 -> 36.953125 | AF13: =(Q13/512*68/60) -> 41.880208 | AG13: =(Q13/512*35/60) -> 21.55599 | AH13: =(Q13/512*37/60) -> 22.78776 | AI13: 10 | AJ13: 5 | AK13: 10 | AL13: =SUMIFS(Table1[Column1],Table1[Date],'OEE AHV'!$B13,Table1[M/C],'OEE AHV'!$D13,Table1[Case downtime],'OEE AHV'!AL$2) -> 0 | AM13: =SUMIFS(Table1[Column1],Table1[Date],'OEE AHV'!$B13,Table1[M/C],'OEE AHV'!$D13,Table1[Case downtime],'OEE AHV'!AM$2) -> 0 | AN13: =SUMIFS(Table1[Column1],Table1[Date],'OEE AHV'!$B13,Table1[M/C],'OEE AHV'!$D13,Table1[Case downtime],'OEE AHV'!AN$2) -> 0 | AO13: =SUMIFS(Table1[Column1],Table1[Date],'OEE AHV'!$B13,Table1[M/C],'OEE AHV'!$D13,Table1[Case downtime],'OEE AHV'!AO$2) -> 0 | AP13: =SUMIFS(Table1[Column1],Table1[Date],'OEE AHV'!$B13,Table1[M/C],'OEE AHV'!$D13,Table1[Case downtime],'OEE AHV'!AP$2) -> 0 | AQ13: =SUMIFS(Table1[Column1],Table1[Date],'OEE AHV'!$B13,Table1[M/C],'OEE AHV'!$D13,Table1[Case downtime],'OEE AHV'!AQ$2) -> 0 | AR13: =SUMIFS(Table1[Column1],Table1[Date],'OEE AHV'!$B13,Table1[M/C],'OEE AHV'!$D13,Table1[Case downtime],'OEE AHV'!AR$2) -> 0 | AS13: =SUMIFS(Table1[Column1],Table1[Date],'OEE AHV'!$B13,Table1[M/C],'OEE AHV'!$D13,Table1[Case downtime],'OEE AHV'!AS$2) -> 0 | ... AX13: =SUMIFS(Table1[Column1],Table1[Date],'OEE AHV'!$B13,Table1[M/C],'OEE AHV'!$D13,Table1[Case downtime],'OEE AHV'!AX$2) -> 0
B14: 46066 | C14: DRD | D14: AHV-01 | E14: 4.3 | F14: 24 | G14: =F14*60 -> 1440 | H14: 0 | I14: =+G14-H14 -> 1440 | J14: =SUM(AF14:AK14) -> 108.92253 | K14: =SUM(AL14:AX14) -> 20 | L14: =+K14+J14 -> 128.92253 | M14: =+I14-L14 -> 1311.0775 | N14: 9206 | P14: 9209 | Q14: =SUM(N14:P14) -> 18415 | R14: =SUM(Z14:AD14) -> 0 | S14: =+Q14-R14 -> 18415 | T14: =IFERROR((M14*60)/E14,"-") -> 18294.104 | U14: =IFERROR(M14/I14," ") -> 0.91047047 | V14: =IFERROR(Q14/T14," ") -> 1.0066085 | W14: =IFERROR(S14/Q14," ") -> 1 | X14: =IFERROR(U14*V14*W14," ") -> 0.91648727 | Z14: 0 | AE14: =Table24[[#This Row],[H. จำนวนชิ้น งานทั้งหมด ที่ผลิตได้ (Total Count)]]/512*1 -> 35.966797 | AF14: =(Q14/512*68/60) -> 40.76237 | AG14: =(Q14/512*35/60) -> 20.980632 | AH14: =(Q14/512*37/60) -> 22.179525 | AI14: 10 | AJ14: 5 | AK14: 10 | AL14: =SUMIFS(Table1[Column1],Table1[Date],'OEE AHV'!$B14,Table1[M/C],'OEE AHV'!$D14,Table1[Case downtime],'OEE AHV'!AL$2) -> 20 | AM14: =SUMIFS(Table1[Column1],Table1[Date],'OEE AHV'!$B14,Table1[M/C],'OEE AHV'!$D14,Table1[Case downtime],'OEE AHV'!AM$2) -> 0 | AN14: =SUMIFS(Table1[Column1],Table1[Date],'OEE AHV'!$B14,Table1[M/C],'OEE AHV'!$D14,Table1[Case downtime],'OEE AHV'!AN$2) -> 0 | AO14: =SUMIFS(Table1[Column1],Table1[Date],'OEE AHV'!$B14,Table1[M/C],'OEE AHV'!$D14,Table1[Case downtime],'OEE AHV'!AO$2) -> 0 | AP14: =SUMIFS(Table1[Column1],Table1[Date],'OEE AHV'!$B14,Table1[M/C],'OEE AHV'!$D14,Table1[Case downtime],'OEE AHV'!AP$2) -> 0 | AQ14: =SUMIFS(Table1[Column1],Table1[Date],'OEE AHV'!$B14,Table1[M/C],'OEE AHV'!$D14,Table1[Case downtime],'OEE AHV'!AQ$2) -> 0 | AR14: =SUMIFS(Table1[Column1],Table1[Date],'OEE AHV'!$B14,Table1[M/C],'OEE AHV'!$D14,Table1[Case downtime],'OEE AHV'!AR$2) -> 0 | AS14: =SUMIFS(Table1[Column1],Table1[Date],'OEE AHV'!$B14,Table1[M/C],'OEE AHV'!$D14,Table1[Case downtime],'OEE AHV'!AS$2) -> 0 | ... AX14: =SUMIFS(Table1[Column1],Table1[Date],'OEE AHV'!$B14,Table1[M/C],'OEE AHV'!$D14,Table1[Case downtime],'OEE AHV'!AX$2) -> 0
... B98: 46080 | C98: DRD | D98: AHV-04 | E98: 4.3 | F98: 24 | G98: =F98*60 -> 1440 | H98: 0 | I98: =+G98-H98 -> 1440 | J98: =SUM(AF98:AK98) -> 113.57552 | K98: =SUM(AL98:AX98) -> 0 | L98: =+K98+J98 -> 113.57552 | M98: =+I98-L98 -> 1326.4245 | N98: 9716 | P98: 9720 | Q98: =SUM(N98:P98) -> 19436 | R98: =SUM(Z98:AD98) -> 1 | S98: =+Q98-R98 -> 19435 | T98: =IFERROR((M98*60)/E98,"-") -> 18508.249 | U98: =IFERROR(M98/I98," ") -> 0.92112811 | V98: =IFERROR(Q98/T98," ") -> 1.0501264 | W98: =IFERROR(S98/Q98," ") -> 0.99994855 | X98: =IFERROR(U98*V98*W98," ") -> 0.96725116 | Z98: 1 | AE98: =Table24[[#This Row],[H. จำนวนชิ้น งานทั้งหมด ที่ผลิตได้ (Total Count)]]/512*1 -> 37.960938 | AF98: =(Q98/512*68/60) -> 43.022396 | AG98: =(Q98/512*35/60) -> 22.14388 | AH98: =(Q98/512*37/60) -> 23.409245 | AI98: 10 | AJ98: 5 | AK98: 10 | AL98: =SUMIFS(Table1[Column1],Table1[Date],'OEE AHV'!$B98,Table1[M/C],'OEE AHV'!$D98,Table1[Case downtime],'OEE AHV'!AL$2) -> 0 | AM98: =SUMIFS(Table1[Column1],Table1[Date],'OEE AHV'!$B98,Table1[M/C],'OEE AHV'!$D98,Table1[Case downtime],'OEE AHV'!AM$2) -> 0 | AN98: =SUMIFS(Table1[Column1],Table1[Date],'OEE AHV'!$B98,Table1[M/C],'OEE AHV'!$D98,Table1[Case downtime],'OEE AHV'!AN$2) -> 0 | AO98: =SUMIFS(Table1[Column1],Table1[Date],'OEE AHV'!$B98,Table1[M/C],'OEE AHV'!$D98,Table1[Case downtime],'OEE AHV'!AO$2) -> 0 | AP98: =SUMIFS(Table1[Column1],Table1[Date],'OEE AHV'!$B98,Table1[M/C],'OEE AHV'!$D98,Table1[Case downtime],'OEE AHV'!AP$2) -> 0 | AQ98: =SUMIFS(Table1[Column1],Table1[Date],'OEE AHV'!$B98,Table1[M/C],'OEE AHV'!$D98,Table1[Case downtime],'OEE AHV'!AQ$2) -> 0 | AR98: =SUMIFS(Table1[Column1],Table1[Date],'OEE AHV'!$B98,Table1[M/C],'OEE AHV'!$D98,Table1[Case downtime],'OEE AHV'!AR$2) -> 0 | AS98: =SUMIFS(Table1[Column1],Table1[Date],'OEE AHV'!$B98,Table1[M/C],'OEE AHV'!$D98,Table1[Case downtime],'OEE AHV'!AS$2) -> 0 | ... AX98: =SUMIFS(Table1[Column1],Table1[Date],'OEE AHV'!$B98,Table1[M/C],'OEE AHV'!$D98,Table1[Case downtime],'OEE AHV'!AX$2) -> 0
B99: 46055 | C99: DRD | D99: AHV-05 | E99: 4.3 | F99: 24 | G99: =F99*60 -> 1440 | H99: 0 | I99: =+G99-H99 -> 1440 | J99: =SUM(AF99:AK99) -> 73.954427 | K99: =SUM(AL99:AX99) -> 637 | L99: =+K99+J99 -> 710.95443 | M99: =+I99-L99 -> 729.04557 | N99: 2558 | P99: 8184 | Q99: =SUM(N99:P99) -> 10742 | R99: =SUM(Z99:AD99) -> 0 | S99: =+Q99-R99 -> 10742 | T99: =IFERROR((M99*60)/E99,"-") -> 10172.729 | U99: =IFERROR(M99/I99," ") -> 0.50628165 | V99: =IFERROR(Q99/T99," ") -> 1.0559605 | W99: =IFERROR(S99/Q99," ") -> 1 | X99: =IFERROR(U99*V99*W99," ") -> 0.53461343 | Z99: 0 | AE99: =$AE$98 -> 37.960938 | AF99: =(Q99/512*68/60) -> 23.777865 | AG99: =(Q99/512*35/60) -> 12.238607 | AH99: =(Q99/512*37/60) -> 12.937956 | AI99: 10 | AJ99: 5 | AK99: 10 | AL99: =SUMIFS(Table1[Column1],Table1[Date],'OEE AHV'!$B99,Table1[M/C],'OEE AHV'!$D99,Table1[Case downtime],'OEE AHV'!AL$2) -> 0 | AM99: =SUMIFS(Table1[Column1],Table1[Date],'OEE AHV'!$B99,Table1[M/C],'OEE AHV'!$D99,Table1[Case downtime],'OEE AHV'!AM$2) -> 0 | AN99: =SUMIFS(Table1[Column1],Table1[Date],'OEE AHV'!$B99,Table1[M/C],'OEE AHV'!$D99,Table1[Case downtime],'OEE AHV'!AN$2) -> 0 | AO99: =SUMIFS(Table1[Column1],Table1[Date],'OEE AHV'!$B99,Table1[M/C],'OEE AHV'!$D99,Table1[Case downtime],'OEE AHV'!AO$2) -> 0 | AP99: =SUMIFS(Table1[Column1],Table1[Date],'OEE AHV'!$B99,Table1[M/C],'OEE AHV'!$D99,Table1[Case downtime],'OEE AHV'!AP$2) -> 0 | AQ99: =SUMIFS(Table1[Column1],Table1[Date],'OEE AHV'!$B99,Table1[M/C],'OEE AHV'!$D99,Table1[Case downtime],'OEE AHV'!AQ$2) -> 0 | AR99: =SUMIFS(Table1[Column1],Table1[Date],'OEE AHV'!$B99,Table1[M/C],'OEE AHV'!$D99,Table1[Case downtime],'OEE AHV'!AR$2) -> 0 | AS99: =SUMIFS(Table1[Column1],Table1[Date],'OEE AHV'!$B99,Table1[M/C],'OEE AHV'!$D99,Table1[Case downtime],'OEE AHV'!AS$2) -> 0 | ... AX99: =SUMIFS(Table1[Column1],Table1[Date],'OEE AHV'!$B99,Table1[M/C],'OEE AHV'!$D99,Table1[Case downtime],'OEE AHV'!AX$2) -> 0
B100: 46056 | C100: DRD | D100: AHV-05 | E100: 4.3 | F100: 24 | G100: =F100*60 -> 1440 | H100: 0 | I100: =+G100-H100 -> 1440 | J100: =SUM(AF100:AK100) -> 71.625651 | K100: =SUM(AL100:AX100) -> 559 | L100: =+K100+J100 -> 630.62565 | M100: =+I100-L100 -> 809.37435 | N100: 4604 | P100: 5627 | Q100: =SUM(N100:P100) -> 10231 | R100: =SUM(Z100:AD100) -> 0 | S100: =+Q100-R100 -> 10231 | T100: =IFERROR((M100*60)/E100,"-") -> 11293.596 | U100: =IFERROR(M100/I100," ") -> 0.56206552 | V100: =IFERROR(Q100/T100," ") -> 0.90591167 | W100: =IFERROR(S100/Q100," ") -> 1 | X100: =IFERROR(U100*V100*W100," ") -> 0.50918171 | Z100: 0 | AE100: =$AE$98 -> 37.960938 | AF100: =(Q100/512*68/60) -> 22.646745 | AG100: =(Q100/512*35/60) -> 11.656413 | AH100: =(Q100/512*37/60) -> 12.322493 | AI100: 10 | AJ100: 5 | AK100: 10 | AL100: =SUMIFS(Table1[Column1],Table1[Date],'OEE AHV'!$B100,Table1[M/C],'OEE AHV'!$D100,Table1[Case downtime],'OEE AHV'!AL$2) -> 235 | AM100: =SUMIFS(Table1[Column1],Table1[Date],'OEE AHV'!$B100,Table1[M/C],'OEE AHV'!$D100,Table1[Case downtime],'OEE AHV'!AM$2) -> 0 | AN100: =SUMIFS(Table1[Column1],Table1[Date],'OEE AHV'!$B100,Table1[M/C],'OEE AHV'!$D100,Table1[Case downtime],'OEE AHV'!AN$2) -> 0 | AO100: =SUMIFS(Table1[Column1],Table1[Date],'OEE AHV'!$B100,Table1[M/C],'OEE AHV'!$D100,Table1[Case downtime],'OEE AHV'!AO$2) -> 0 | AP100: =SUMIFS(Table1[Column1],Table1[Date],'OEE AHV'!$B100,Table1[M/C],'OEE AHV'!$D100,Table1[Case downtime],'OEE AHV'!AP$2) -> 0 | AQ100: =SUMIFS(Table1[Column1],Table1[Date],'OEE AHV'!$B100,Table1[M/C],'OEE AHV'!$D100,Table1[Case downtime],'OEE AHV'!AQ$2) -> 0 | AR100: =SUMIFS(Table1[Column1],Table1[Date],'OEE AHV'!$B100,Table1[M/C],'OEE AHV'!$D100,Table1[Case downtime],'OEE AHV'!AR$2) -> 0 | AS100: =SUMIFS(Table1[Column1],Table1[Date],'OEE AHV'!$B100,Table1[M/C],'OEE AHV'!$D100,Table1[Case downtime],'OEE AHV'!AS$2) -> 0 | ... AX100: =SUMIFS(Table1[Column1],Table1[Date],'OEE AHV'!$B100,Table1[M/C],'OEE AHV'!$D100,Table1[Case downtime],'OEE AHV'!AX$2) -> 0
B101: 46057 | C101: DRD | D101: AHV-05 | E101: 4.3 | F101: 24 | G101: =F101*60 -> 1440 | H101: 0 | I101: =+G101-H101 -> 1440 | J101: =SUM(AF101:AK101) -> 97.260417 | K101: =SUM(AL101:AX101) -> 65 | L101: =+K101+J101 -> 162.26042 | M101: =+I101-L101 -> 1277.7396 | N101: 7160 | P101: 8696 | Q101: =SUM(N101:P101) -> 15856 | R101: =SUM(Z101:AD101) -> 0 | S101: =+Q101-R101 -> 15856 | T101: =IFERROR((M101*60)/E101,"-") -> 17828.924 | U101: =IFERROR(M101/I101," ") -> 0.88731916 | V101: =IFERROR(Q101/T101," ") -> 0.88934137 | W101: =IFERROR(S101/Q101," ") -> 1 | X101: =IFERROR(U101*V101*W101," ") -> 0.78912963 | Z101: 0 | AE101: =$AE$98 -> 37.960938 | AF101: =(Q101/512*68/60) -> 35.097917 | AG101: =(Q101/512*35/60) -> 18.065104 | AH101: =(Q101/512*37/60) -> 19.097396 | AI101: 10 | AJ101: 5 | AK101: 10 | AL101: =SUMIFS(Table1[Column1],Table1[Date],'OEE AHV'!$B101,Table1[M/C],'OEE AHV'!$D101,Table1[Case downtime],'OEE AHV'!AL$2) -> 62 | AM101: =SUMIFS(Table1[Column1],Table1[Date],'OEE AHV'!$B101,Table1[M/C],'OEE AHV'!$D101,Table1[Case downtime],'OEE AHV'!AM$2) -> 3 | AN101: =SUMIFS(Table1[Column1],Table1[Date],'OEE AHV'!$B101,Table1[M/C],'OEE AHV'!$D101,Table1[Case downtime],'OEE AHV'!AN$2) -> 0 | AO101: =SUMIFS(Table1[Column1],Table1[Date],'OEE AHV'!$B101,Table1[M/C],'OEE AHV'!$D101,Table1[Case downtime],'OEE AHV'!AO$2) -> 0 | AP101: =SUMIFS(Table1[Column1],Table1[Date],'OEE AHV'!$B101,Table1[M/C],'OEE AHV'!$D101,Table1[Case downtime],'OEE AHV'!AP$2) -> 0 | AQ101: =SUMIFS(Table1[Column1],Table1[Date],'OEE AHV'!$B101,Table1[M/C],'OEE AHV'!$D101,Table1[Case downtime],'OEE AHV'!AQ$2) -> 0 | AR101: =SUMIFS(Table1[Column1],Table1[Date],'OEE AHV'!$B101,Table1[M/C],'OEE AHV'!$D101,Table1[Case downtime],'OEE AHV'!AR$2) -> 0 | AS101: =SUMIFS(Table1[Column1],Table1[Date],'OEE AHV'!$B101,Table1[M/C],'OEE AHV'!$D101,Table1[Case downtime],'OEE AHV'!AS$2) -> 0 | ... AX101: =SUMIFS(Table1[Column1],Table1[Date],'OEE AHV'!$B101,Table1[M/C],'OEE AHV'!$D101,Table1[Case downtime],'OEE AHV'!AX$2) -> 0
B102: 46058 | C102: DRD | D102: AHV-05 | E102: 4.3 | F102: 24 | G102: =F102*60 -> 1440 | H102: 0 | I102: =+G102-H102 -> 1440 | J102: =SUM(AF102:AK102) -> 104.29688 | K102: =SUM(AL102:AX102) -> 145 | L102: =+K102+J102 -> 249.29688 | M102: =+I102-L102 -> 1190.7031 | N102: 8188 | P102: 9212 | Q102: =SUM(N102:P102) -> 17400 | R102: =SUM(Z102:AD102) -> 2 | S102: =+Q102-R102 -> 17398 | T102: =IFERROR((M102*60)/E102,"-") -> 16614.462 | U102: =IFERROR(M102/I102," ") -> 0.82687717 | V102: =IFERROR(Q102/T102," ") -> 1.0472804 | W102: =IFERROR(S102/Q102," ") -> 0.99988506 | X102: =IFERROR(U102*V102*W102," ") -> 0.86587269 | Z102: 2 | AE102: =$AE$98 -> 37.960938 | AF102: =(Q102/512*68/60) -> 38.515625 | AG102: =(Q102/512*35/60) -> 19.824219 | AH102: =(Q102/512*37/60) -> 20.957031 | AI102: 10 | AJ102: 5 | AK102: 10 | AL102: =SUMIFS(Table1[Column1],Table1[Date],'OEE AHV'!$B102,Table1[M/C],'OEE AHV'!$D102,Table1[Case downtime],'OEE AHV'!AL$2) -> 65 | AM102: =SUMIFS(Table1[Column1],Table1[Date],'OEE AHV'!$B102,Table1[M/C],'OEE AHV'!$D102,Table1[Case downtime],'OEE AHV'!AM$2) -> 0 | AN102: =SUMIFS(Table1[Column1],Table1[Date],'OEE AHV'!$B102,Table1[M/C],'OEE AHV'!$D102,Table1[Case downtime],'OEE AHV'!AN$2) -> 5 | AO102: =SUMIFS(Table1[Column1],Table1[Date],'OEE AHV'!$B102,Table1[M/C],'OEE AHV'!$D102,Table1[Case downtime],'OEE AHV'!AO$2) -> 0 | AP102: =SUMIFS(Table1[Column1],Table1[Date],'OEE AHV'!$B102,Table1[M/C],'OEE AHV'!$D102,Table1[Case downtime],'OEE AHV'!AP$2) -> 0 | AQ102: =SUMIFS(Table1[Column1],Table1[Date],'OEE AHV'!$B102,Table1[M/C],'OEE AHV'!$D102,Table1[Case downtime],'OEE AHV'!AQ$2) -> 0 | AR102: =SUMIFS(Table1[Column1],Table1[Date],'OEE AHV'!$B102,Table1[M/C],'OEE AHV'!$D102,Table1[Case downtime],'OEE AHV'!AR$2) -> 0 | AS102: =SUMIFS(Table1[Column1],Table1[Date],'OEE AHV'!$B102,Table1[M/C],'OEE AHV'!$D102,Table1[Case downtime],'OEE AHV'!AS$2) -> 0 | ... AX102: =SUMIFS(Table1[Column1],Table1[Date],'OEE AHV'!$B102,Table1[M/C],'OEE AHV'!$D102,Table1[Case downtime],'OEE AHV'!AX$2) -> 0
B103: 46059 | C103: DRD | D103: AHV-05 | E103: 4.3 | F103: 24 | G103: =F103*60 -> 1440 | H103: 0 | I103: =+G103-H103 -> 1440 | J103: =SUM(AF103:AK103) -> 113.61198 | K103: =SUM(AL103:AX103) -> 0 | L103: =+K103+J103 -> 113.61198 | M103: =+I103-L103 -> 1326.388 | N103: 9720 | P103: 9724 | Q103: =SUM(N103:P103) -> 19444 | R103: =SUM(Z103:AD103) -> 1 | S103: =+Q103-R103 -> 19443 | T103: =IFERROR((M103*60)/E103,"-") -> 18507.74 | U103: =IFERROR(M103/I103," ") -> 0.92110279 | V103: =IFERROR(Q103/T103," ") -> 1.0505875 | W103: =IFERROR(S103/Q103," ") -> 0.99994857 | X103: =IFERROR(U103*V103*W103," ") -> 0.96764931 | Z103: 1 | AE103: =$AE$98 -> 37.960938 | AF103: =(Q103/512*68/60) -> 43.040104 | AG103: =(Q103/512*35/60) -> 22.152995 | AH103: =(Q103/512*37/60) -> 23.41888 | AI103: 10 | AJ103: 5 | AK103: 10 | AL103: =SUMIFS(Table1[Column1],Table1[Date],'OEE AHV'!$B103,Table1[M/C],'OEE AHV'!$D103,Table1[Case downtime],'OEE AHV'!AL$2) -> 0 | AM103: =SUMIFS(Table1[Column1],Table1[Date],'OEE AHV'!$B103,Table1[M/C],'OEE AHV'!$D103,Table1[Case downtime],'OEE AHV'!AM$2) -> 0 | AN103: =SUMIFS(Table1[Column1],Table1[Date],'OEE AHV'!$B103,Table1[M/C],'OEE AHV'!$D103,Table1[Case downtime],'OEE AHV'!AN$2) -> 0 | AO103: =SUMIFS(Table1[Column1],Table1[Date],'OEE AHV'!$B103,Table1[M/C],'OEE AHV'!$D103,Table1[Case downtime],'OEE AHV'!AO$2) -> 0 | AP103: =SUMIFS(Table1[Column1],Table1[Date],'OEE AHV'!$B103,Table1[M/C],'OEE AHV'!$D103,Table1[Case downtime],'OEE AHV'!AP$2) -> 0 | AQ103: =SUMIFS(Table1[Column1],Table1[Date],'OEE AHV'!$B103,Table1[M/C],'OEE AHV'!$D103,Table1[Case downtime],'OEE AHV'!AQ$2) -> 0 | AR103: =SUMIFS(Table1[Column1],Table1[Date],'OEE AHV'!$B103,Table1[M/C],'OEE AHV'!$D103,Table1[Case downtime],'OEE AHV'!AR$2) -> 0 | AS103: =SUMIFS(Table1[Column1],Table1[Date],'OEE AHV'!$B103,Table1[M/C],'OEE AHV'!$D103,Table1[Case downtime],'OEE AHV'!AS$2) -> 0 | ... AX103: =SUMIFS(Table1[Column1],Table1[Date],'OEE AHV'!$B103,Table1[M/C],'OEE AHV'!$D103,Table1[Case downtime],'OEE AHV'!AX$2) -> 0
B104: 46060 | C104: DRD | D104: AHV-05 | E104: 4.3 | F104: 24 | G104: =F104*60 -> 1440 | H104: 0 | I104: =+G104-H104 -> 1440 | J104: =SUM(AF104:AK104) -> 111.27409 | K104: =SUM(AL104:AX104) -> 48 | L104: =+K104+J104 -> 159.27409 | M104: =+I104-L104 -> 1280.7259 | N104: 9720 | P104: 9211 | Q104: =SUM(N104:P104) -> 18931 | R104: =SUM(Z104:AD104) -> 3 | S104: =+Q104-R104 -> 18928 | T104: =IFERROR((M104*60)/E104,"-") -> 17870.594 | U104: =IFERROR(M104/I104," ") -> 0.88939299 | V104: =IFERROR(Q104/T104," ") -> 1.059338 | W104: =IFERROR(S104/Q104," ") -> 0.99984153 | X104: =IFERROR(U104*V104*W104," ") -> 0.94201852 | Z104: 3 | AE104: =$AE$98 -> 37.960938 | AF104: =(Q104/512*68/60) -> 41.904557 | AG104: =(Q104/512*35/60) -> 21.568522 | AH104: =(Q104/512*37/60) -> 22.801009 | AI104: 10 | AJ104: 5 | AK104: 10 | AL104: =SUMIFS(Table1[Column1],Table1[Date],'OEE AHV'!$B104,Table1[M/C],'OEE AHV'!$D104,Table1[Case downtime],'OEE AHV'!AL$2) -> 0 | AM104: =SUMIFS(Table1[Column1],Table1[Date],'OEE AHV'!$B104,Table1[M/C],'OEE AHV'!$D104,Table1[Case downtime],'OEE AHV'!AM$2) -> 48 | AN104: =SUMIFS(Table1[Column1],Table1[Date],'OEE AHV'!$B104,Table1[M/C],'OEE AHV'!$D104,Table1[Case downtime],'OEE AHV'!AN$2) -> 0 | AO104: =SUMIFS(Table1[Column1],Table1[Date],'OEE AHV'!$B104,Table1[M/C],'OEE AHV'!$D104,Table1[Case downtime],'OEE AHV'!AO$2) -> 0 | AP104: =SUMIFS(Table1[Column1],Table1[Date],'OEE AHV'!$B104,Table1[M/C],'OEE AHV'!$D104,Table1[Case downtime],'OEE AHV'!AP$2) -> 0 | AQ104: =SUMIFS(Table1[Column1],Table1[Date],'OEE AHV'!$B104,Table1[M/C],'OEE AHV'!$D104,Table1[Case downtime],'OEE AHV'!AQ$2) -> 0 | AR104: =SUMIFS(Table1[Column1],Table1[Date],'OEE AHV'!$B104,Table1[M/C],'OEE AHV'!$D104,Table1[Case downtime],'OEE AHV'!AR$2) -> 0 | AS104: =SUMIFS(Table1[Column1],Table1[Date],'OEE AHV'!$B104,Table1[M/C],'OEE AHV'!$D104,Table1[Case downtime],'OEE AHV'!AS$2) -> 0 | ... AX104: =SUMIFS(Table1[Column1],Table1[Date],'OEE AHV'!$B104,Table1[M/C],'OEE AHV'!$D104,Table1[Case downtime],'OEE AHV'!AX$2) -> 0
B105: 46061 | C105: DRD | D105: AHV-05 | E105: 4.3 | F105: 12 | G105: =F105*60 -> 720 | H105: 0 | I105: =+G105-H105 -> 720 | J105: =SUM(AF105:AK105) -> 57.657552 | K105: =SUM(AL105:AX105) -> 0 | L105: =+K105+J105 -> 57.657552 | M105: =+I105-L105 -> 662.34245 | N105: 0 | P105: 7166 | Q105: =SUM(N105:P105) -> 7166 | R105: =SUM(Z105:AD105) -> 0 | S105: =+Q105-R105 -> 7166 | T105: =IFERROR((M105*60)/E105,"-") -> 9241.9876 | U105: =IFERROR(M105/I105," ") -> 0.91992007 | V105: =IFERROR(Q105/T105," ") -> 0.77537433 | W105: =IFERROR(S105/Q105," ") -> 1 | X105: =IFERROR(U105*V105*W105," ") -> 0.71328241 | Z105: 0 | AE105: =$AE$98 -> 37.960938 | AF105: =(Q105/512*68/60) -> 15.86224 | AG105: =(Q105/512*35/60) -> 8.164388 | AH105: =(Q105/512*37/60) -> 8.6309245 | AI105: 10 | AJ105: 5 | AK105: 10 | AL105: =SUMIFS(Table1[Column1],Table1[Date],'OEE AHV'!$B105,Table1[M/C],'OEE AHV'!$D105,Table1[Case downtime],'OEE AHV'!AL$2) -> 0 | AM105: =SUMIFS(Table1[Column1],Table1[Date],'OEE AHV'!$B105,Table1[M/C],'OEE AHV'!$D105,Table1[Case downtime],'OEE AHV'!AM$2) -> 0 | AN105: =SUMIFS(Table1[Column1],Table1[Date],'OEE AHV'!$B105,Table1[M/C],'OEE AHV'!$D105,Table1[Case downtime],'OEE AHV'!AN$2) -> 0 | AO105: =SUMIFS(Table1[Column1],Table1[Date],'OEE AHV'!$B105,Table1[M/C],'OEE AHV'!$D105,Table1[Case downtime],'OEE AHV'!AO$2) -> 0 | AP105: =SUMIFS(Table1[Column1],Table1[Date],'OEE AHV'!$B105,Table1[M/C],'OEE AHV'!$D105,Table1[Case downtime],'OEE AHV'!AP$2) -> 0 | AQ105: =SUMIFS(Table1[Column1],Table1[Date],'OEE AHV'!$B105,Table1[M/C],'OEE AHV'!$D105,Table1[Case downtime],'OEE AHV'!AQ$2) -> 0 | AR105: =SUMIFS(Table1[Column1],Table1[Date],'OEE AHV'!$B105,Table1[M/C],'OEE AHV'!$D105,Table1[Case downtime],'OEE AHV'!AR$2) -> 0 | AS105: =SUMIFS(Table1[Column1],Table1[Date],'OEE AHV'!$B105,Table1[M/C],'OEE AHV'!$D105,Table1[Case downtime],'OEE AHV'!AS$2) -> 0 | ... AX105: =SUMIFS(Table1[Column1],Table1[Date],'OEE AHV'!$B105,Table1[M/C],'OEE AHV'!$D105,Table1[Case downtime],'OEE AHV'!AX$2) -> 0
B106: 46062 | C106: DRD | D106: AHV-05 | E106: 4.3 | F106: 24 | G106: =F106*60 -> 1440 | H106: 0 | I106: =+G106-H106 -> 1440 | J106: =SUM(AF106:AK106) -> 99.616536 | K106: =SUM(AL106:AX106) -> 139 | L106: =+K106+J106 -> 238.61654 | M106: =+I106-L106 -> 1201.3835 | N106: 7164 | P106: 9209 | Q106: =SUM(N106:P106) -> 16373 | R106: =SUM(Z106:AD106) -> 8 | S106: =+Q106-R106 -> 16365 | T106: =IFERROR((M106*60)/E106,"-") -> 16763.49 | U106: =IFERROR(M106/I106," ") -> 0.83429407 | V106: =IFERROR(Q106/T106," ") -> 0.97670591 | W106: =IFERROR(S106/Q106," ") -> 0.99951139 | X106: =IFERROR(U106*V106*W106," ") -> 0.81446181 | Z106: 8 | AE106: =$AE$98 -> 37.960938 | AF106: =(Q106/512*68/60) -> 36.242318 | AG106: =(Q106/512*35/60) -> 18.654134 | AH106: =(Q106/512*37/60) -> 19.720085 | AI106: 10 | AJ106: 5 | AK106: 10 | AL106: =SUMIFS(Table1[Column1],Table1[Date],'OEE AHV'!$B106,Table1[M/C],'OEE AHV'!$D106,Table1[Case downtime],'OEE AHV'!AL$2) -> 44 | AM106: =SUMIFS(Table1[Column1],Table1[Date],'OEE AHV'!$B106,Table1[M/C],'OEE AHV'!$D106,Table1[Case downtime],'OEE AHV'!AM$2) -> 0 | AN106: =SUMIFS(Table1[Column1],Table1[Date],'OEE AHV'!$B106,Table1[M/C],'OEE AHV'!$D106,Table1[Case downtime],'OEE AHV'!AN$2) -> 0 | AO106: =SUMIFS(Table1[Column1],Table1[Date],'OEE AHV'!$B106,Table1[M/C],'OEE AHV'!$D106,Table1[Case downtime],'OEE AHV'!AO$2) -> 0 | AP106: =SUMIFS(Table1[Column1],Table1[Date],'OEE AHV'!$B106,Table1[M/C],'OEE AHV'!$D106,Table1[Case downtime],'OEE AHV'!AP$2) -> 0 | AQ106: =SUMIFS(Table1[Column1],Table1[Date],'OEE AHV'!$B106,Table1[M/C],'OEE AHV'!$D106,Table1[Case downtime],'OEE AHV'!AQ$2) -> 0 | AR106: =SUMIFS(Table1[Column1],Table1[Date],'OEE AHV'!$B106,Table1[M/C],'OEE AHV'!$D106,Table1[Case downtime],'OEE AHV'!AR$2) -> 0 | AS106: =SUMIFS(Table1[Column1],Table1[Date],'OEE AHV'!$B106,Table1[M/C],'OEE AHV'!$D106,Table1[Case downtime],'OEE AHV'!AS$2) -> 0 | ... AX106: =SUMIFS(Table1[Column1],Table1[Date],'OEE AHV'!$B106,Table1[M/C],'OEE AHV'!$D106,Table1[Case downtime],'OEE AHV'!AX$2) -> 0
B107: 46063 | C107: DRD | D107: AHV-05 | E107: 4.3 | F107: 24 | G107: =F107*60 -> 1440 | H107: 0 | I107: =+G107-H107 -> 1440 | J107: =SUM(AF107:AK107) -> 108.94531 | K107: =SUM(AL107:AX107) -> 0 | L107: =+K107+J107 -> 108.94531 | M107: =+I107-L107 -> 1331.0547 | N107: 9720 | P107: 8700 | Q107: =SUM(N107:P107) -> 18420 | R107: =SUM(Z107:AD107) -> 0 | S107: =+Q107-R107 -> 18420 | T107: =IFERROR((M107*60)/E107,"-") -> 18572.856 | U107: =IFERROR(M107/I107," ") -> 0.92434353 | V107: =IFERROR(Q107/T107," ") -> 0.99176992 | W107: =IFERROR(S107/Q107," ") -> 1 | X107: =IFERROR(U107*V107*W107," ") -> 0.91673611 | Z107: 0 | AE107: =$AE$98 -> 37.960938 | AF107: =(Q107/512*68/60) -> 40.773438 | AG107: =(Q107/512*35/60) -> 20.986328 | AH107: =(Q107/512*37/60) -> 22.185547 | AI107: 10 | AJ107: 5 | AK107: 10 | AL107: =SUMIFS(Table1[Column1],Table1[Date],'OEE AHV'!#REF!,Table1[M/C],'OEE AHV'!#REF!,Table1[Case downtime],'OEE AHV'!AL$2) -> 0 | AM107: =SUMIFS(Table1[Column1],Table1[Date],'OEE AHV'!#REF!,Table1[M/C],'OEE AHV'!#REF!,Table1[Case downtime],'OEE AHV'!AM$2) -> 0 | AN107: =SUMIFS(Table1[Column1],Table1[Date],'OEE AHV'!#REF!,Table1[M/C],'OEE AHV'!#REF!,Table1[Case downtime],'OEE AHV'!AN$2) -> 0 | AO107: =SUMIFS(Table1[Column1],Table1[Date],'OEE AHV'!#REF!,Table1[M/C],'OEE AHV'!#REF!,Table1[Case downtime],'OEE AHV'!AO$2) -> 0 | AP107: =SUMIFS(Table1[Column1],Table1[Date],'OEE AHV'!#REF!,Table1[M/C],'OEE AHV'!#REF!,Table1[Case downtime],'OEE AHV'!AP$2) -> 0 | AQ107: =SUMIFS(Table1[Column1],Table1[Date],'OEE AHV'!#REF!,Table1[M/C],'OEE AHV'!#REF!,Table1[Case downtime],'OEE AHV'!AQ$2) -> 0 | AR107: =SUMIFS(Table1[Column1],Table1[Date],'OEE AHV'!#REF!,Table1[M/C],'OEE AHV'!#REF!,Table1[Case downtime],'OEE AHV'!AR$2) -> 0 | AS107: =SUMIFS(Table1[Column1],Table1[Date],'OEE AHV'!#REF!,Table1[M/C],'OEE AHV'!#REF!,Table1[Case downtime],'OEE AHV'!AS$2) -> 0 | ... AX107: =SUMIFS(Table1[Column1],Table1[Date],'OEE AHV'!#REF!,Table1[M/C],'OEE AHV'!#REF!,Table1[Case downtime],'OEE AHV'!AX$2) -> 0
B108: 46064 | C108: DRD | D108: AHV-05 | E108: 4.3 | F108: 24 | G108: =F108*60 -> 1440 | H108: 0 | I108: =+G108-H108 -> 1440 | J108: =SUM(AF108:AK108) -> 106.64388 | K108: =SUM(AL108:AX108) -> 0 | L108: =+K108+J108 -> 106.64388 | M108: =+I108-L108 -> 1333.3561 | N108: 9728 | P108: 8187 | Q108: =SUM(N108:P108) -> 17915 | R108: =SUM(Z108:AD108) -> 2 | S108: =+Q108-R108 -> 17913 | T108: =IFERROR((M108*60)/E108,"-") -> 18604.969 | U108: =IFERROR(M108/I108," ") -> 0.92594175 | V108: =IFERROR(Q108/T108," ") -> 0.96291479 | W108: =IFERROR(S108/Q108," ") -> 0.99988836 | X108: =IFERROR(U108*V108*W108," ") -> 0.89150347 | Z108: 2 | AE108: =$AE$98 -> 37.960938 | AF108: =(Q108/512*68/60) -> 39.655599 | AG108: =(Q108/512*35/60) -> 20.41097 | AH108: =(Q108/512*37/60) -> 21.577311 | AI108: 10 | AJ108: 5 | AK108: 10 | AL108: =SUMIFS(Table1[Column1],Table1[Date],'OEE AHV'!#REF!,Table1[M/C],'OEE AHV'!#REF!,Table1[Case downtime],'OEE AHV'!AL$2) -> 0 | AM108: =SUMIFS(Table1[Column1],Table1[Date],'OEE AHV'!#REF!,Table1[M/C],'OEE AHV'!#REF!,Table1[Case downtime],'OEE AHV'!AM$2) -> 0 | AN108: =SUMIFS(Table1[Column1],Table1[Date],'OEE AHV'!#REF!,Table1[M/C],'OEE AHV'!#REF!,Table1[Case downtime],'OEE AHV'!AN$2) -> 0 | AO108: =SUMIFS(Table1[Column1],Table1[Date],'OEE AHV'!#REF!,Table1[M/C],'OEE AHV'!#REF!,Table1[Case downtime],'OEE AHV'!AO$2) -> 0 | AP108: =SUMIFS(Table1[Column1],Table1[Date],'OEE AHV'!#REF!,Table1[M/C],'OEE AHV'!#REF!,Table1[Case downtime],'OEE AHV'!AP$2) -> 0 | AQ108: =SUMIFS(Table1[Column1],Table1[Date],'OEE AHV'!#REF!,Table1[M/C],'OEE AHV'!#REF!,Table1[Case downtime],'OEE AHV'!AQ$2) -> 0 | AR108: =SUMIFS(Table1[Column1],Table1[Date],'OEE AHV'!#REF!,Table1[M/C],'OEE AHV'!#REF!,Table1[Case downtime],'OEE AHV'!AR$2) -> 0 | AS108: =SUMIFS(Table1[Column1],Table1[Date],'OEE AHV'!#REF!,Table1[M/C],'OEE AHV'!#REF!,Table1[Case downtime],'OEE AHV'!AS$2) -> 0 | ... AX108: =SUMIFS(Table1[Column1],Table1[Date],'OEE AHV'!#REF!,Table1[M/C],'OEE AHV'!#REF!,Table1[Case downtime],'OEE AHV'!AX$2) -> 0
B109: 46065 | C109: DRD | D109: AHV-05 | E109: 4.3 | F109: 24 | G109: =F109*60 -> 1440 | H109: 0 | I109: =+G109-H109 -> 1440 | J109: =SUM(AF109:AK109) -> 97.260417 | K109: =SUM(AL109:AX109) -> 0 | L109: =+K109+J109 -> 97.260417 | M109: =+I109-L109 -> 1342.7396 | N109: 8695 | P109: 7161 | Q109: =SUM(N109:P109) -> 15856 | R109: =SUM(Z109:AD109) -> 13 | S109: =+Q109-R109 -> 15843 | T109: =IFERROR((M109*60)/E109,"-") -> 18735.901 | U109: =IFERROR(M109/I109," ") -> 0.93245804 | V109: =IFERROR(Q109/T109," ") -> 0.84628969 | W109: =IFERROR(S109/Q109," ") -> 0.99918012 | X109: =IFERROR(U109*V109*W109," ") -> 0.78848264 | Z109: 13 | AE109: =$AE$98 -> 37.960938 | AF109: =(Q109/512*68/60) -> 35.097917 | AG109: =(Q109/512*35/60) -> 18.065104 | AH109: =(Q109/512*37/60) -> 19.097396 | AI109: 10 | AJ109: 5 | AK109: 10 | AL109: =SUMIFS(Table1[Column1],Table1[Date],'OEE AHV'!#REF!,Table1[M/C],'OEE AHV'!#REF!,Table1[Case downtime],'OEE AHV'!AL$2) -> 0 | AM109: =SUMIFS(Table1[Column1],Table1[Date],'OEE AHV'!#REF!,Table1[M/C],'OEE AHV'!#REF!,Table1[Case downtime],'OEE AHV'!AM$2) -> 0 | AN109: =SUMIFS(Table1[Column1],Table1[Date],'OEE AHV'!#REF!,Table1[M/C],'OEE AHV'!#REF!,Table1[Case downtime],'OEE AHV'!AN$2) -> 0 | AO109: =SUMIFS(Table1[Column1],Table1[Date],'OEE AHV'!#REF!,Table1[M/C],'OEE AHV'!#REF!,Table1[Case downtime],'OEE AHV'!AO$2) -> 0 | AP109: =SUMIFS(Table1[Column1],Table1[Date],'OEE AHV'!#REF!,Table1[M/C],'OEE AHV'!#REF!,Table1[Case downtime],'OEE AHV'!AP$2) -> 0 | AQ109: =SUMIFS(Table1[Column1],Table1[Date],'OEE AHV'!#REF!,Table1[M/C],'OEE AHV'!#REF!,Table1[Case downtime],'OEE AHV'!AQ$2) -> 0 | AR109: =SUMIFS(Table1[Column1],Table1[Date],'OEE AHV'!#REF!,Table1[M/C],'OEE AHV'!#REF!,Table1[Case downtime],'OEE AHV'!AR$2) -> 0 | AS109: =SUMIFS(Table1[Column1],Table1[Date],'OEE AHV'!#REF!,Table1[M/C],'OEE AHV'!#REF!,Table1[Case downtime],'OEE AHV'!AS$2) -> 0 | ... AX109: =SUMIFS(Table1[Column1],Table1[Date],'OEE AHV'!#REF!,Table1[M/C],'OEE AHV'!#REF!,Table1[Case downtime],'OEE AHV'!AX$2) -> 0
B110: 46066 | C110: DRD | D110: AHV-05 | E110: 4.3 | F110: 24 | G110: =F110*60 -> 1440 | H110: 0 | I110: =+G110-H110 -> 1440 | J110: =SUM(AF110:AK110) -> 113.59831 | K110: =SUM(AL110:AX110) -> 0 | L110: =+K110+J110 -> 113.59831 | M110: =+I110-L110 -> 1326.4017 | N110: 9721 | P110: 9720 | Q110: =SUM(N110:P110) -> 19441 | R110: =SUM(Z110:AD110) -> 7 | S110: =+Q110-R110 -> 19434 | T110: =IFERROR((M110*60)/E110,"-") -> 18507.931 | U110: =IFERROR(M110/I110," ") -> 0.92111229 | V110: =IFERROR(Q110/T110," ") -> 1.0504146 | W110: =IFERROR(S110/Q110," ") -> 0.99963994 | X110: =IFERROR(U110*V110*W110," ") -> 0.96720139 | Z110: 7 | AE110: =$AE$98 -> 37.960938 | AF110: =(Q110/512*68/60) -> 43.033464 | AG110: =(Q110/512*35/60) -> 22.149577 | AH110: =(Q110/512*37/60) -> 23.415267 | AI110: 10 | AJ110: 5 | AK110: 10 | AL110: =SUMIFS(Table1[Column1],Table1[Date],'OEE AHV'!#REF!,Table1[M/C],'OEE AHV'!#REF!,Table1[Case downtime],'OEE AHV'!AL$2) -> 0 | AM110: =SUMIFS(Table1[Column1],Table1[Date],'OEE AHV'!#REF!,Table1[M/C],'OEE AHV'!#REF!,Table1[Case downtime],'OEE AHV'!AM$2) -> 0 | AN110: =SUMIFS(Table1[Column1],Table1[Date],'OEE AHV'!#REF!,Table1[M/C],'OEE AHV'!#REF!,Table1[Case downtime],'OEE AHV'!AN$2) -> 0 | AO110: =SUMIFS(Table1[Column1],Table1[Date],'OEE AHV'!#REF!,Table1[M/C],'OEE AHV'!#REF!,Table1[Case downtime],'OEE AHV'!AO$2) -> 0 | AP110: =SUMIFS(Table1[Column1],Table1[Date],'OEE AHV'!#REF!,Table1[M/C],'OEE AHV'!#REF!,Table1[Case downtime],'OEE AHV'!AP$2) -> 0 | AQ110: =SUMIFS(Table1[Column1],Table1[Date],'OEE AHV'!#REF!,Table1[M/C],'OEE AHV'!#REF!,Table1[Case downtime],'OEE AHV'!AQ$2) -> 0 | AR110: =SUMIFS(Table1[Column1],Table1[Date],'OEE AHV'!#REF!,Table1[M/C],'OEE AHV'!#REF!,Table1[Case downtime],'OEE AHV'!AR$2) -> 0 | AS110: =SUMIFS(Table1[Column1],Table1[Date],'OEE AHV'!#REF!,Table1[M/C],'OEE AHV'!#REF!,Table1[Case downtime],'OEE AHV'!AS$2) -> 0 | ... AX110: =SUMIFS(Table1[Column1],Table1[Date],'OEE AHV'!#REF!,Table1[M/C],'OEE AHV'!#REF!,Table1[Case downtime],'OEE AHV'!AX$2) -> 0
B111: 46067 | C111: DRD | D111: AHV-05 | E111: 4.3 | F111: 24 | G111: =F111*60 -> 1440 | H111: 0 | I111: =+G111-H111 -> 1440 | J111: =SUM(AF111:AK111) -> 111.22396 | K111: =SUM(AL111:AX111) -> 0 | L111: =+K111+J111 -> 111.22396 | M111: =+I111-L111 -> 1328.776 | N111: 9208 | P111: 9712 | Q111: =SUM(N111:P111) -> 18920 | R111: =SUM(Z111:AD111) -> 8 | S111: =+Q111-R111 -> 18912 | T111: =IFERROR((M111*60)/E111,"-") -> 18541.061 | U111: =IFERROR(M111/I111," ") -> 0.92276114 | V111: =IFERROR(Q111/T111," ") -> 1.0204378 | W111: =IFERROR(S111/Q111," ") -> 0.99957717 | X111: =IFERROR(U111*V111*W111," ") -> 0.94122222 | Z111: 8 | AE111: =$AE$98 -> 37.960938 | AF111: =(Q111/512*68/60) -> 41.880208 | AG111: =(Q111/512*35/60) -> 21.55599 | AH111: =(Q111/512*37/60) -> 22.78776 | AI111: 10 | AJ111: 5 | AK111: 10 | AL111: =SUMIFS(Table1[Column1],Table1[Date],'OEE AHV'!#REF!,Table1[M/C],'OEE AHV'!#REF!,Table1[Case downtime],'OEE AHV'!AL$2) -> 0 | AM111: =SUMIFS(Table1[Column1],Table1[Date],'OEE AHV'!#REF!,Table1[M/C],'OEE AHV'!#REF!,Table1[Case downtime],'OEE AHV'!AM$2) -> 0 | AN111: =SUMIFS(Table1[Column1],Table1[Date],'OEE AHV'!#REF!,Table1[M/C],'OEE AHV'!#REF!,Table1[Case downtime],'OEE AHV'!AN$2) -> 0 | AO111: =SUMIFS(Table1[Column1],Table1[Date],'OEE AHV'!#REF!,Table1[M/C],'OEE AHV'!#REF!,Table1[Case downtime],'OEE AHV'!AO$2) -> 0 | AP111: =SUMIFS(Table1[Column1],Table1[Date],'OEE AHV'!#REF!,Table1[M/C],'OEE AHV'!#REF!,Table1[Case downtime],'OEE AHV'!AP$2) -> 0 | AQ111: =SUMIFS(Table1[Column1],Table1[Date],'OEE AHV'!#REF!,Table1[M/C],'OEE AHV'!#REF!,Table1[Case downtime],'OEE AHV'!AQ$2) -> 0 | AR111: =SUMIFS(Table1[Column1],Table1[Date],'OEE AHV'!#REF!,Table1[M/C],'OEE AHV'!#REF!,Table1[Case downtime],'OEE AHV'!AR$2) -> 0 | AS111: =SUMIFS(Table1[Column1],Table1[Date],'OEE AHV'!#REF!,Table1[M/C],'OEE AHV'!#REF!,Table1[Case downtime],'OEE AHV'!AS$2) -> 0 | ... AX111: =SUMIFS(Table1[Column1],Table1[Date],'OEE AHV'!#REF!,Table1[M/C],'OEE AHV'!#REF!,Table1[Case downtime],'OEE AHV'!AX$2) -> 0
B112: 46069 | C112: DRD | D112: AHV-05 | E112: 4.3 | F112: 24 | G112: =F112*60 -> 1440 | H112: 0 | I112: =+G112-H112 -> 1440 | J112: =SUM(AF112:AK112) -> 108.96354 | K112: =SUM(AL112:AX112) -> 0 | L112: =+K112+J112 -> 108.96354 | M112: =+I112-L112 -> 1331.0365 | N112: 9208 | P112: 9216 | Q112: =SUM(N112:P112) -> 18424 | R112: =SUM(Z112:AD112) -> 3 | S112: =+Q112-R112 -> 18421 | T112: =IFERROR((M112*60)/E112,"-") -> 18572.602 | U112: =IFERROR(M112/I112," ") -> 0.92433087 | V112: =IFERROR(Q112/T112," ") -> 0.99199887 | W112: =IFERROR(S112/Q112," ") -> 0.99983717 | X112: =IFERROR(U112*V112*W112," ") -> 0.91678588 | Z112: 3 | AE112: =$AE$98 -> 37.960938 | AF112: =(Q112/512*68/60) -> 40.782292 | AG112: =(Q112/512*35/60) -> 20.990885 | AH112: =(Q112/512*37/60) -> 22.190365 | AI112: 10 | AJ112: 5 | AK112: 10 | AL112: =SUMIFS(Table1[Column1],Table1[Date],'OEE AHV'!#REF!,Table1[M/C],'OEE AHV'!#REF!,Table1[Case downtime],'OEE AHV'!AL$2) -> 0 | AM112: =SUMIFS(Table1[Column1],Table1[Date],'OEE AHV'!#REF!,Table1[M/C],'OEE AHV'!#REF!,Table1[Case downtime],'OEE AHV'!AM$2) -> 0 | AN112: =SUMIFS(Table1[Column1],Table1[Date],'OEE AHV'!#REF!,Table1[M/C],'OEE AHV'!#REF!,Table1[Case downtime],'OEE AHV'!AN$2) -> 0 | AO112: =SUMIFS(Table1[Column1],Table1[Date],'OEE AHV'!#REF!,Table1[M/C],'OEE AHV'!#REF!,Table1[Case downtime],'OEE AHV'!AO$2) -> 0 | AP112: =SUMIFS(Table1[Column1],Table1[Date],'OEE AHV'!#REF!,Table1[M/C],'OEE AHV'!#REF!,Table1[Case downtime],'OEE AHV'!AP$2) -> 0 | AQ112: =SUMIFS(Table1[Column1],Table1[Date],'OEE AHV'!#REF!,Table1[M/C],'OEE AHV'!#REF!,Table1[Case downtime],'OEE AHV'!AQ$2) -> 0 | AR112: =SUMIFS(Table1[Column1],Table1[Date],'OEE AHV'!#REF!,Table1[M/C],'OEE AHV'!#REF!,Table1[Case downtime],'OEE AHV'!AR$2) -> 0 | AS112: =SUMIFS(Table1[Column1],Table1[Date],'OEE AHV'!#REF!,Table1[M/C],'OEE AHV'!#REF!,Table1[Case downtime],'OEE AHV'!AS$2) -> 0 | ... AX112: =SUMIFS(Table1[Column1],Table1[Date],'OEE AHV'!#REF!,Table1[M/C],'OEE AHV'!#REF!,Table1[Case downtime],'OEE AHV'!AX$2) -> 0
B113: 46070 | C113: DRD | D113: AHV-05 | E113: 4.3 | F113: 24 | G113: =F113*60 -> 1440 | H113: 0 | I113: =+G113-H113 -> 1440 | J113: =SUM(AF113:AK113) -> 111.2194 | K113: =SUM(AL113:AX113) -> 0 | L113: =+K113+J113 -> 111.2194 | M113: =+I113-L113 -> 1328.7806 | N113: 9208 | P113: 9711 | Q113: =SUM(N113:P113) -> 18919 | R113: =SUM(Z113:AD113) -> 6 | S113: =+Q113-R113 -> 18913 | T113: =IFERROR((M113*60)/E113,"-") -> 18541.125 | U113: =IFERROR(M113/I113," ") -> 0.9227643 | V113: =IFERROR(Q113/T113," ") -> 1.0203804 | W113: =IFERROR(S113/Q113," ") -> 0.99968286 | X113: =IFERROR(U113*V113*W113," ") -> 0.94127199 | Z113: 6 | AE113: =$AE$98 -> 37.960938 | AF113: =(Q113/512*68/60) -> 41.877995 | AG113: =(Q113/512*35/60) -> 21.55485 | AH113: =(Q113/512*37/60) -> 22.786556 | AI113: 10 | AJ113: 5 | AK113: 10 | AL113: =SUMIFS(Table1[Column1],Table1[Date],'OEE AHV'!#REF!,Table1[M/C],'OEE AHV'!#REF!,Table1[Case downtime],'OEE AHV'!AL$2) -> 0 | AM113: =SUMIFS(Table1[Column1],Table1[Date],'OEE AHV'!#REF!,Table1[M/C],'OEE AHV'!#REF!,Table1[Case downtime],'OEE AHV'!AM$2) -> 0 | AN113: =SUMIFS(Table1[Column1],Table1[Date],'OEE AHV'!#REF!,Table1[M/C],'OEE AHV'!#REF!,Table1[Case downtime],'OEE AHV'!AN$2) -> 0 | AO113: =SUMIFS(Table1[Column1],Table1[Date],'OEE AHV'!#REF!,Table1[M/C],'OEE AHV'!#REF!,Table1[Case downtime],'OEE AHV'!AO$2) -> 0 | AP113: =SUMIFS(Table1[Column1],Table1[Date],'OEE AHV'!#REF!,Table1[M/C],'OEE AHV'!#REF!,Table1[Case downtime],'OEE AHV'!AP$2) -> 0 | AQ113: =SUMIFS(Table1[Column1],Table1[Date],'OEE AHV'!#REF!,Table1[M/C],'OEE AHV'!#REF!,Table1[Case downtime],'OEE AHV'!AQ$2) -> 0 | AR113: =SUMIFS(Table1[Column1],Table1[Date],'OEE AHV'!#REF!,Table1[M/C],'OEE AHV'!#REF!,Table1[Case downtime],'OEE AHV'!AR$2) -> 0 | AS113: =SUMIFS(Table1[Column1],Table1[Date],'OEE AHV'!#REF!,Table1[M/C],'OEE AHV'!#REF!,Table1[Case downtime],'OEE AHV'!AS$2) -> 0 | ... AX113: =SUMIFS(Table1[Column1],Table1[Date],'OEE AHV'!#REF!,Table1[M/C],'OEE AHV'!#REF!,Table1[Case downtime],'OEE AHV'!AX$2) -> 0
B114: 46071 | C114: DRD | D114: AHV-05 | E114: 4.3 | F114: 24 | G114: =F114*60 -> 1440 | H114: 0 | I114: =+G114-H114 -> 1440 | J114: =SUM(AF114:AK114) -> 113.63021 | K114: =SUM(AL114:AX114) -> 0 | L114: =+K114+J114 -> 113.63021 | M114: =+I114-L114 -> 1326.3698 | N114: 9724 | P114: 9724 | Q114: =SUM(N114:P114) -> 19448 | R114: =SUM(Z114:AD114) -> 0 | S114: =+Q114-R114 -> 19448 | T114: =IFERROR((M114*60)/E114,"-") -> 18507.485 | U114: =IFERROR(M114/I114," ") -> 0.92109013 | V114: =IFERROR(Q114/T114," ") -> 1.0508181 | W114: =IFERROR(S114/Q114," ") -> 1 | X114: =IFERROR(U114*V114*W114," ") -> 0.96789815 | Z114: 0 | AE114: =$AE$98 -> 37.960938 | AF114: =(Q114/512*68/60) -> 43.048958 | AG114: =(Q114/512*35/60) -> 22.157552 | AH114: =(Q114/512*37/60) -> 23.423698 | AI114: 10 | AJ114: 5 | AK114: 10 | AL114: =SUMIFS(Table1[Column1],Table1[Date],'OEE AHV'!#REF!,Table1[M/C],'OEE AHV'!#REF!,Table1[Case downtime],'OEE AHV'!AL$2) -> 0 | AM114: =SUMIFS(Table1[Column1],Table1[Date],'OEE AHV'!#REF!,Table1[M/C],'OEE AHV'!#REF!,Table1[Case downtime],'OEE AHV'!AM$2) -> 0 | AN114: =SUMIFS(Table1[Column1],Table1[Date],'OEE AHV'!#REF!,Table1[M/C],'OEE AHV'!#REF!,Table1[Case downtime],'OEE AHV'!AN$2) -> 0 | AO114: =SUMIFS(Table1[Column1],Table1[Date],'OEE AHV'!#REF!,Table1[M/C],'OEE AHV'!#REF!,Table1[Case downtime],'OEE AHV'!AO$2) -> 0 | AP114: =SUMIFS(Table1[Column1],Table1[Date],'OEE AHV'!#REF!,Table1[M/C],'OEE AHV'!#REF!,Table1[Case downtime],'OEE AHV'!AP$2) -> 0 | AQ114: =SUMIFS(Table1[Column1],Table1[Date],'OEE AHV'!#REF!,Table1[M/C],'OEE AHV'!#REF!,Table1[Case downtime],'OEE AHV'!AQ$2) -> 0 | AR114: =SUMIFS(Table1[Column1],Table1[Date],'OEE AHV'!#REF!,Table1[M/C],'OEE AHV'!#REF!,Table1[Case downtime],'OEE AHV'!AR$2) -> 0 | AS114: =SUMIFS(Table1[Column1],Table1[Date],'OEE AHV'!#REF!,Table1[M/C],'OEE AHV'!#REF!,Table1[Case downtime],'OEE AHV'!AS$2) -> 0 | ... AX114: =SUMIFS(Table1[Column1],Table1[Date],'OEE AHV'!#REF!,Table1[M/C],'OEE AHV'!#REF!,Table1[Case downtime],'OEE AHV'!AX$2) -> 0
B115: 46072 | C115: DRD | D115: AHV-05 | E115: 4.3 | F115: 24 | G115: =F115*60 -> 1440 | H115: 0 | I115: =+G115-H115 -> 1440 | J115: =SUM(AF115:AK115) -> 113.59831 | K115: =SUM(AL115:AX115) -> 0 | L115: =+K115+J115 -> 113.59831 | M115: =+I115-L115 -> 1326.4017 | N115: 9719 | P115: 9722 | Q115: =SUM(N115:P115) -> 19441 | R115: =SUM(Z115:AD115) -> 11 | S115: =+Q115-R115 -> 19430 | T115: =IFERROR((M115*60)/E115,"-") -> 18507.931 | U115: =IFERROR(M115/I115," ") -> 0.92111229 | V115: =IFERROR(Q115/T115," ") -> 1.0504146 | W115: =IFERROR(S115/Q115," ") -> 0.99943419 | X115: =IFERROR(U115*V115*W115," ") -> 0.96700231 | Z115: 11 | AE115: =$AE$98 -> 37.960938 | AF115: =(Q115/512*68/60) -> 43.033464 | AG115: =(Q115/512*35/60) -> 22.149577 | AH115: =(Q115/512*37/60) -> 23.415267 | AI115: 10 | AJ115: 5 | AK115: 10 | AL115: =SUMIFS(Table1[Column1],Table1[Date],'OEE AHV'!#REF!,Table1[M/C],'OEE AHV'!#REF!,Table1[Case downtime],'OEE AHV'!AL$2) -> 0 | AM115: =SUMIFS(Table1[Column1],Table1[Date],'OEE AHV'!#REF!,Table1[M/C],'OEE AHV'!#REF!,Table1[Case downtime],'OEE AHV'!AM$2) -> 0 | AN115: =SUMIFS(Table1[Column1],Table1[Date],'OEE AHV'!#REF!,Table1[M/C],'OEE AHV'!#REF!,Table1[Case downtime],'OEE AHV'!AN$2) -> 0 | AO115: =SUMIFS(Table1[Column1],Table1[Date],'OEE AHV'!#REF!,Table1[M/C],'OEE AHV'!#REF!,Table1[Case downtime],'OEE AHV'!AO$2) -> 0 | AP115: =SUMIFS(Table1[Column1],Table1[Date],'OEE AHV'!#REF!,Table1[M/C],'OEE AHV'!#REF!,Table1[Case downtime],'OEE AHV'!AP$2) -> 0 | AQ115: =SUMIFS(Table1[Column1],Table1[Date],'OEE AHV'!#REF!,Table1[M/C],'OEE AHV'!#REF!,Table1[Case downtime],'OEE AHV'!AQ$2) -> 0 | AR115: =SUMIFS(Table1[Column1],Table1[Date],'OEE AHV'!#REF!,Table1[M/C],'OEE AHV'!#REF!,Table1[Case downtime],'OEE AHV'!AR$2) -> 0 | AS115: =SUMIFS(Table1[Column1],Table1[Date],'OEE AHV'!#REF!,Table1[M/C],'OEE AHV'!#REF!,Table1[Case downtime],'OEE AHV'!AS$2) -> 0 | ... AX115: =SUMIFS(Table1[Column1],Table1[Date],'OEE AHV'!#REF!,Table1[M/C],'OEE AHV'!#REF!,Table1[Case downtime],'OEE AHV'!AX$2) -> 0
B116: 46073 | C116: DRD | D116: AHV-05 | E116: 4.3 | F116: 24 | G116: =F116*60 -> 1440 | H116: 0 | I116: =+G116-H116 -> 1440 | J116: =SUM(AF116:AK116) -> 115.9362 | K116: =SUM(AL116:AX116) -> 0 | L116: =+K116+J116 -> 115.9362 | M116: =+I116-L116 -> 1324.0638 | N116: 10228 | P116: 9726 | Q116: =SUM(N116:P116) -> 19954 | R116: =SUM(Z116:AD116) -> 3 | S116: =+Q116-R116 -> 19951 | T116: =IFERROR((M116*60)/E116,"-") -> 18475.309 | U116: =IFERROR(M116/I116," ") -> 0.91948875 | V116: =IFERROR(Q116/T116," ") -> 1.0800361 | W116: =IFERROR(S116/Q116," ") -> 0.99984965 | X116: =IFERROR(U116*V116*W116," ") -> 0.99293171 | Z116: 3 | AE116: =$AE$98 -> 37.960938 | AF116: =(Q116/512*68/60) -> 44.16901 | AG116: =(Q116/512*35/60) -> 22.734049 | AH116: =(Q116/512*37/60) -> 24.033138 | AI116: 10 | AJ116: 5 | AK116: 10 | AL116: =SUMIFS(Table1[Column1],Table1[Date],'OEE AHV'!#REF!,Table1[M/C],'OEE AHV'!#REF!,Table1[Case downtime],'OEE AHV'!AL$2) -> 0 | AM116: =SUMIFS(Table1[Column1],Table1[Date],'OEE AHV'!#REF!,Table1[M/C],'OEE AHV'!#REF!,Table1[Case downtime],'OEE AHV'!AM$2) -> 0 | AN116: =SUMIFS(Table1[Column1],Table1[Date],'OEE AHV'!#REF!,Table1[M/C],'OEE AHV'!#REF!,Table1[Case downtime],'OEE AHV'!AN$2) -> 0 | AO116: =SUMIFS(Table1[Column1],Table1[Date],'OEE AHV'!#REF!,Table1[M/C],'OEE AHV'!#REF!,Table1[Case downtime],'OEE AHV'!AO$2) -> 0 | AP116: =SUMIFS(Table1[Column1],Table1[Date],'OEE AHV'!#REF!,Table1[M/C],'OEE AHV'!#REF!,Table1[Case downtime],'OEE AHV'!AP$2) -> 0 | AQ116: =SUMIFS(Table1[Column1],Table1[Date],'OEE AHV'!#REF!,Table1[M/C],'OEE AHV'!#REF!,Table1[Case downtime],'OEE AHV'!AQ$2) -> 0 | AR116: =SUMIFS(Table1[Column1],Table1[Date],'OEE AHV'!#REF!,Table1[M/C],'OEE AHV'!#REF!,Table1[Case downtime],'OEE AHV'!AR$2) -> 0 | AS116: =SUMIFS(Table1[Column1],Table1[Date],'OEE AHV'!#REF!,Table1[M/C],'OEE AHV'!#REF!,Table1[Case downtime],'OEE AHV'!AS$2) -> 0 | ... AX116: =SUMIFS(Table1[Column1],Table1[Date],'OEE AHV'!#REF!,Table1[M/C],'OEE AHV'!#REF!,Table1[Case downtime],'OEE AHV'!AX$2) -> 0
B117: 46074 | C117: DRD | D117: AHV-05 | E117: 4.3 | F117: 24 | G117: =F117*60 -> 1440 | H117: 0 | I117: =+G117-H117 -> 1440 | J117: =SUM(AF117:AK117) -> 113.56185 | K117: =SUM(AL117:AX117) -> 0 | L117: =+K117+J117 -> 113.56185 | M117: =+I117-L117 -> 1326.4382 | N117: 10231 | P117: 9202 | Q117: =SUM(N117:P117) -> 19433 | R117: =SUM(Z117:AD117) -> 6 | S117: =+Q117-R117 -> 19427 | T117: =IFERROR((M117*60)/E117,"-") -> 18508.439 | U117: =IFERROR(M117/I117," ") -> 0.9211376 | V117: =IFERROR(Q117/T117," ") -> 1.0499535 | W117: =IFERROR(S117/Q117," ") -> 0.99969125 | X117: =IFERROR(U117*V117*W117," ") -> 0.96685301 | Z117: 6 | AE117: =$AE$98 -> 37.960938 | AF117: =(Q117/512*68/60) -> 43.015755 | AG117: =(Q117/512*35/60) -> 22.140462 | AH117: =(Q117/512*37/60) -> 23.405632 | AI117: 10 | AJ117: 5 | AK117: 10 | AL117: =SUMIFS(Table1[Column1],Table1[Date],'OEE AHV'!#REF!,Table1[M/C],'OEE AHV'!#REF!,Table1[Case downtime],'OEE AHV'!AL$2) -> 0 | AM117: =SUMIFS(Table1[Column1],Table1[Date],'OEE AHV'!#REF!,Table1[M/C],'OEE AHV'!#REF!,Table1[Case downtime],'OEE AHV'!AM$2) -> 0 | AN117: =SUMIFS(Table1[Column1],Table1[Date],'OEE AHV'!#REF!,Table1[M/C],'OEE AHV'!#REF!,Table1[Case downtime],'OEE AHV'!AN$2) -> 0 | AO117: =SUMIFS(Table1[Column1],Table1[Date],'OEE AHV'!#REF!,Table1[M/C],'OEE AHV'!#REF!,Table1[Case downtime],'OEE AHV'!AO$2) -> 0 | AP117: =SUMIFS(Table1[Column1],Table1[Date],'OEE AHV'!#REF!,Table1[M/C],'OEE AHV'!#REF!,Table1[Case downtime],'OEE AHV'!AP$2) -> 0 | AQ117: =SUMIFS(Table1[Column1],Table1[Date],'OEE AHV'!#REF!,Table1[M/C],'OEE AHV'!#REF!,Table1[Case downtime],'OEE AHV'!AQ$2) -> 0 | AR117: =SUMIFS(Table1[Column1],Table1[Date],'OEE AHV'!#REF!,Table1[M/C],'OEE AHV'!#REF!,Table1[Case downtime],'OEE AHV'!AR$2) -> 0 | AS117: =SUMIFS(Table1[Column1],Table1[Date],'OEE AHV'!#REF!,Table1[M/C],'OEE AHV'!#REF!,Table1[Case downtime],'OEE AHV'!AS$2) -> 0 | ... AX117: =SUMIFS(Table1[Column1],Table1[Date],'OEE AHV'!#REF!,Table1[M/C],'OEE AHV'!#REF!,Table1[Case downtime],'OEE AHV'!AX$2) -> 0
B118: 46076 | C118: DRD | D118: AHV-05 | E118: 4.3 | F118: 24 | G118: =F118*60 -> 1440 | H118: 0 | I118: =+G118-H118 -> 1440 | J118: =SUM(AF118:AK118) -> 111.24674 | K118: =SUM(AL118:AX118) -> 0 | L118: =+K118+J118 -> 111.24674 | M118: =+I118-L118 -> 1328.7533 | N118: 9207 | P118: 9718 | Q118: =SUM(N118:P118) -> 18925 | R118: =SUM(Z118:AD118) -> 12 | S118: =+Q118-R118 -> 18913 | T118: =IFERROR((M118*60)/E118,"-") -> 18540.743 | U118: =IFERROR(M118/I118," ") -> 0.92274532 | V118: =IFERROR(Q118/T118," ") -> 1.020725 | W118: =IFERROR(S118/Q118," ") -> 0.99936592 | X118: =IFERROR(U118*V118*W118," ") -> 0.94127199 | Z118: 12 | AE118: =$AE$98 -> 37.960938 | AF118: =(Q118/512*68/60) -> 41.891276 | AG118: =(Q118/512*35/60) -> 21.561686 | AH118: =(Q118/512*37/60) -> 22.793783 | AI118: 10 | AJ118: 5 | AK118: 10 | AL118: =SUMIFS(Table1[Column1],Table1[Date],'OEE AHV'!#REF!,Table1[M/C],'OEE AHV'!#REF!,Table1[Case downtime],'OEE AHV'!AL$2) -> 0 | AM118: =SUMIFS(Table1[Column1],Table1[Date],'OEE AHV'!#REF!,Table1[M/C],'OEE AHV'!#REF!,Table1[Case downtime],'OEE AHV'!AM$2) -> 0 | AN118: =SUMIFS(Table1[Column1],Table1[Date],'OEE AHV'!#REF!,Table1[M/C],'OEE AHV'!#REF!,Table1[Case downtime],'OEE AHV'!AN$2) -> 0 | AO118: =SUMIFS(Table1[Column1],Table1[Date],'OEE AHV'!#REF!,Table1[M/C],'OEE AHV'!#REF!,Table1[Case downtime],'OEE AHV'!AO$2) -> 0 | AP118: =SUMIFS(Table1[Column1],Table1[Date],'OEE AHV'!#REF!,Table1[M/C],'OEE AHV'!#REF!,Table1[Case downtime],'OEE AHV'!AP$2) -> 0 | AQ118: =SUMIFS(Table1[Column1],Table1[Date],'OEE AHV'!#REF!,Table1[M/C],'OEE AHV'!#REF!,Table1[Case downtime],'OEE AHV'!AQ$2) -> 0 | AR118: =SUMIFS(Table1[Column1],Table1[Date],'OEE AHV'!#REF!,Table1[M/C],'OEE AHV'!#REF!,Table1[Case downtime],'OEE AHV'!AR$2) -> 0 | AS118: =SUMIFS(Table1[Column1],Table1[Date],'OEE AHV'!#REF!,Table1[M/C],'OEE AHV'!#REF!,Table1[Case downtime],'OEE AHV'!AS$2) -> 0 | ... AX118: =SUMIFS(Table1[Column1],Table1[Date],'OEE AHV'!#REF!,Table1[M/C],'OEE AHV'!#REF!,Table1[Case downtime],'OEE AHV'!AX$2) -> 0
... B145: 46079 | C145: DRD | D145: AHV-06 | E145: 4.3 | F145: 24 | G145: =F145*60 -> 1440 | H145: 0 | I145: =+G145-H145 -> 1440 | J145: =SUM(AF145:AK145) -> 106.61198 | K145: =SUM(AL145:AX145) -> 0 | L145: =+K145+J145 -> 106.61198 | M145: =+I145-L145 -> 1333.388 | N145: 9213 | P145: 8695 | Q145: =SUM(N145:P145) -> 17908 | R145: =SUM(Z145:AD145) -> 2 | S145: =+Q145-R145 -> 17906 | T145: =IFERROR((M145*60)/E145,"-") -> 18605.414 | U145: =IFERROR(M145/I145," ") -> 0.9259639 | V145: =IFERROR(Q145/T145," ") -> 0.96251552 | W145: =IFERROR(S145/Q145," ") -> 0.99988832 | X145: =IFERROR(U145*V145*W145," ") -> 0.89115509 | Z145: 2 | AE145: =$AE$98 -> 37.960938 | AF145: =(Q145/512*68/60) -> 39.640104 | AG145: =(Q145/512*35/60) -> 20.402995 | AH145: =(Q145/512*37/60) -> 21.56888 | AI145: 10 | AJ145: 5 | AK145: 10 | AL145: =SUMIFS(Table1[Column1],Table1[Date],'OEE AHV'!#REF!,Table1[M/C],'OEE AHV'!#REF!,Table1[Case downtime],'OEE AHV'!AL$2) -> 0 | AM145: =SUMIFS(Table1[Column1],Table1[Date],'OEE AHV'!#REF!,Table1[M/C],'OEE AHV'!#REF!,Table1[Case downtime],'OEE AHV'!AM$2) -> 0 | AN145: =SUMIFS(Table1[Column1],Table1[Date],'OEE AHV'!#REF!,Table1[M/C],'OEE AHV'!#REF!,Table1[Case downtime],'OEE AHV'!AN$2) -> 0 | AO145: =SUMIFS(Table1[Column1],Table1[Date],'OEE AHV'!#REF!,Table1[M/C],'OEE AHV'!#REF!,Table1[Case downtime],'OEE AHV'!AO$2) -> 0 | AP145: =SUMIFS(Table1[Column1],Table1[Date],'OEE AHV'!#REF!,Table1[M/C],'OEE AHV'!#REF!,Table1[Case downtime],'OEE AHV'!AP$2) -> 0 | AQ145: =SUMIFS(Table1[Column1],Table1[Date],'OEE AHV'!#REF!,Table1[M/C],'OEE AHV'!#REF!,Table1[Case downtime],'OEE AHV'!AQ$2) -> 0 | AR145: =SUMIFS(Table1[Column1],Table1[Date],'OEE AHV'!#REF!,Table1[M/C],'OEE AHV'!#REF!,Table1[Case downtime],'OEE AHV'!AR$2) -> 0 | AS145: =SUMIFS(Table1[Column1],Table1[Date],'OEE AHV'!#REF!,Table1[M/C],'OEE AHV'!#REF!,Table1[Case downtime],'OEE AHV'!AS$2) -> 0 | ... AX145: =SUMIFS(Table1[Column1],Table1[Date],'OEE AHV'!#REF!,Table1[M/C],'OEE AHV'!#REF!,Table1[Case downtime],'OEE AHV'!AX$2) -> 0
B146: 46080 | C146: DRD | D146: AHV-06 | E146: 4.3 | F146: 24 | G146: =F146*60 -> 1440 | H146: =COUNTA(N146:P146)*60 -> 120 | I146: =+G146-H146 -> 1320 | J146: =SUM(AF146:AK146) -> 104.2832 | K146: =SUM(AL146:AX146) -> 0 | L146: =+K146+J146 -> 104.2832 | M146: =+I146-L146 -> 1215.7168 | N146: 9727 | P146: 7670 | Q146: =SUM(N146:P146) -> 17397 | R146: =SUM(Z146:AD146) -> 0 | S146: =+Q146-R146 -> 17397 | T146: =IFERROR((M146*60)/E146,"-") -> 16963.49 | U146: =IFERROR(M146/I146," ") -> 0.92099757 | V146: =IFERROR(Q146/T146," ") -> 1.0255555 | W146: =IFERROR(S146/Q146," ") -> 1 | X146: =IFERROR(U146*V146*W146," ") -> 0.94453409 | AE146: =$AE$98 -> 37.960938 | AF146: =(Q146/512*68/60) -> 38.508984 | AG146: =(Q146/512*35/60) -> 19.820801 | AH146: =(Q146/512*37/60) -> 20.953418 | AI146: 10 | AJ146: 5 | AK146: 10 | AL146: =SUMIFS(Table1[Column1],Table1[Date],'OEE AHV'!#REF!,Table1[M/C],'OEE AHV'!#REF!,Table1[Case downtime],'OEE AHV'!AL$2) -> 0 | AM146: =SUMIFS(Table1[Column1],Table1[Date],'OEE AHV'!#REF!,Table1[M/C],'OEE AHV'!#REF!,Table1[Case downtime],'OEE AHV'!AM$2) -> 0 | AN146: =SUMIFS(Table1[Column1],Table1[Date],'OEE AHV'!#REF!,Table1[M/C],'OEE AHV'!#REF!,Table1[Case downtime],'OEE AHV'!AN$2) -> 0 | AO146: =SUMIFS(Table1[Column1],Table1[Date],'OEE AHV'!#REF!,Table1[M/C],'OEE AHV'!#REF!,Table1[Case downtime],'OEE AHV'!AO$2) -> 0 | AP146: =SUMIFS(Table1[Column1],Table1[Date],'OEE AHV'!#REF!,Table1[M/C],'OEE AHV'!#REF!,Table1[Case downtime],'OEE AHV'!AP$2) -> 0 | AQ146: =SUMIFS(Table1[Column1],Table1[Date],'OEE AHV'!#REF!,Table1[M/C],'OEE AHV'!#REF!,Table1[Case downtime],'OEE AHV'!AQ$2) -> 0 | AR146: =SUMIFS(Table1[Column1],Table1[Date],'OEE AHV'!#REF!,Table1[M/C],'OEE AHV'!#REF!,Table1[Case downtime],'OEE AHV'!AR$2) -> 0 | AS146: =SUMIFS(Table1[Column1],Table1[Date],'OEE AHV'!#REF!,Table1[M/C],'OEE AHV'!#REF!,Table1[Case downtime],'OEE AHV'!AS$2) -> 0 | ... AX146: =SUMIFS(Table1[Column1],Table1[Date],'OEE AHV'!#REF!,Table1[M/C],'OEE AHV'!#REF!,Table1[Case downtime],'OEE AHV'!AX$2) -> 0

Sheet AHV-01
A1: AHV-01 | B1: Choko tei Duration[min] /day | C1: Target Choko tei Duration[min] /day | D1: Choko tei Count /day | E1: Target Choko tei Count /day | F1: Run[min] /day | G1: Plan Stop[min] /day | H1: Availability[%] | I1: Target Availability[%] | J1: Target Cycletime[s] | K1: Production Q'ty /day | L1: Performance[%] | M1: Target Performance[%] | N1: 1st NG Q'ty /day | O1: Quality[%] | P1: Target Quality[%] | Q1: OEE[%] | R1: Target OEE[%] | S1: Man Power /day | T1: Productivity | U1: file_name
A2: 46055 | B2: =SUMIFS('OEE AHV'!J:J,'OEE AHV'!$B:$B,'AHV-01'!$A2,'OEE AHV'!$D:$D,'AHV-01'!$A$1) -> 92.611979 | C2: =AVERAGEIF($B:$B,">0") -> 101.84524 | D2: =ROUNDDOWN((K2/750)+(F2/240)+(F2/240),"0") -> 29 | E2: =AVERAGEIF($D:$D,">0") -> 32 | F2: =SUMIFS('OEE AHV'!M:M,'OEE AHV'!$B:$B,'AHV-01'!$A2,'OEE AHV'!$D:$D,'AHV-01'!$A$1) -> 1128.388 | G2: =ROUNDUP((1400-F2)-(F2*0.5%),"0") -> 266 | H2: =IFERROR(IF(AND(F2="",G2="")=TRUE,"",F2/(1440-G2)),"") -> 0.96114823 | I2: =95% -> 0.95 | K2: =SUMIFS('OEE AHV'!Q:Q,'OEE AHV'!$B:$B,'AHV-01'!$A2,'OEE AHV'!$D:$D,'AHV-01'!$A$1) -> 14836 | L2: =IF(AND(J2="",K2="")=TRUE,"",IF(OR(J2="MMS",K2="MMS")=TRUE,"",IFERROR(K2/((F2*60)/J2),1))) -> 1 | M2: =99% -> 0.99 | N2: - | O2: =IF(N2="","",IF(N2="MMS","",IFERROR((K2-N2)/K2,1))) -> 1 | P2: =100% -> 1 | Q2: =IFERROR(IF(AND(H2="",L2="",O2="")=TRUE,"",IF(H2="",1,H2)*IF(L2="",1,L2)*IF(O2="",1,O2)),"") -> 0.96114823 | R2: =IFERROR(IF(AND(I2="",M2="",P2="")=TRUE,"",IF(I2="",1,I2)*IF(M2="",1,M2)*IF(P2="",1,P2)),"") -> 0.9405 | S2: =ROUNDUP((('AHV-01'!$F2/480)/3),"0") -> 1 | T2: =IFERROR(K2/S2,"") -> 14836 | U2: FY2025_MLS_Spindle Motor_Spindle Motor(FDB UNIT)_Bang Pa-in
A3: 46056 | B3: =SUMIFS('OEE AHV'!J:J,'OEE AHV'!$B:$B,'AHV-01'!$A3,'OEE AHV'!$D:$D,'AHV-01'!$A$1) -> 101.94531 | C3: =AVERAGEIF($B:$B,">0") -> 101.84524 | D3: =ROUNDDOWN((K3/750)+(F3/240)+(F3/240),"0") -> 32 | E3: =AVERAGEIF($D:$D,">0") -> 32 | F3: =SUMIFS('OEE AHV'!M:M,'OEE AHV'!$B:$B,'AHV-01'!$A3,'OEE AHV'!$D:$D,'AHV-01'!$A$1) -> 1198.0547 | G3: =ROUNDUP((1400-F3)-(F3*0.5%),"0") -> 196 | H3: =IFERROR(IF(AND(F3="",G3="")=TRUE,"",F3/(1440-G3)),"") -> 0.96306647 | I3: =I2 -> 0.95 | K3: =SUMIFS('OEE AHV'!Q:Q,'OEE AHV'!$B:$B,'AHV-01'!$A3,'OEE AHV'!$D:$D,'AHV-01'!$A$1) -> 16884 | L3: =IF(AND(J3="",K3="")=TRUE,"",IF(OR(J3="MMS",K3="MMS")=TRUE,"",IFERROR(K3/((F3*60)/J3),1))) -> 1 | M3: =M2 -> 0.99 | N3: - | O3: =IF(N3="","",IF(N3="MMS","",IFERROR((K3-N3)/K3,1))) -> 1 | P3: =P2 -> 1 | Q3: =IFERROR(IF(AND(H3="",L3="",O3="")=TRUE,"",IF(H3="",1,H3)*IF(L3="",1,L3)*IF(O3="",1,O3)),"") -> 0.96306647 | R3: =IFERROR(IF(AND(I3="",M3="",P3="")=TRUE,"",IF(I3="",1,I3)*IF(M3="",1,M3)*IF(P3="",1,P3)),"") -> 0.9405 | S3: =ROUNDUP((('AHV-01'!$F3/480)/3),"0") -> 1 | T3: =IFERROR(K3/S3,"") -> 16884 | U3: =U2 -> FY2025_MLS_Spindle Motor_Spindle Motor(FDB UNIT)_Bang Pa-in
A4: 46057 | B4: =SUMIFS('OEE AHV'!J:J,'OEE AHV'!$B:$B,'AHV-01'!$A4,'OEE AHV'!$D:$D,'AHV-01'!$A$1) -> 99.630208 | C4: =AVERAGEIF($B:$B,">0") -> 101.84524 | D4: =ROUNDDOWN((K4/750)+(F4/240)+(F4/240),"0") -> 30 | E4: =AVERAGEIF($D:$D,">0") -> 32 | F4: =SUMIFS('OEE AHV'!M:M,'OEE AHV'!$B:$B,'AHV-01'!$A4,'OEE AHV'!$D:$D,'AHV-01'!$A$1) -> 1086.3698 | G4: =ROUNDUP((1400-F4)-(F4*0.5%),"0") -> 309 | H4: =IFERROR(IF(AND(F4="",G4="")=TRUE,"",F4/(1440-G4)),"") -> 0.96053916 | I4: =I3 -> 0.95 | K4: =SUMIFS('OEE AHV'!Q:Q,'OEE AHV'!$B:$B,'AHV-01'!$A4,'OEE AHV'!$D:$D,'AHV-01'!$A$1) -> 16376 | L4: =IF(AND(J4="",K4="")=TRUE,"",IF(OR(J4="MMS",K4="MMS")=TRUE,"",IFERROR(K4/((F4*60)/J4),1))) -> 1 | M4: =M3 -> 0.99 | N4: - | O4: =IF(N4="","",IF(N4="MMS","",IFERROR((K4-N4)/K4,1))) -> 1 | P4: =P3 -> 1 | Q4: =IFERROR(IF(AND(H4="",L4="",O4="")=TRUE,"",IF(H4="",1,H4)*IF(L4="",1,L4)*IF(O4="",1,O4)),"") -> 0.96053916 | R4: =IFERROR(IF(AND(I4="",M4="",P4="")=TRUE,"",IF(I4="",1,I4)*IF(M4="",1,M4)*IF(P4="",1,P4)),"") -> 0.9405 | S4: =ROUNDUP((('AHV-01'!$F4/480)/3),"0") -> 1 | T4: =IFERROR(K4/S4,"") -> 16376 | U4: =U3 -> FY2025_MLS_Spindle Motor_Spindle Motor(FDB UNIT)_Bang Pa-in
A5: 46058 | B5: =SUMIFS('OEE AHV'!J:J,'OEE AHV'!$B:$B,'AHV-01'!$A5,'OEE AHV'!$D:$D,'AHV-01'!$A$1) -> 104.29232 | C5: =AVERAGEIF($B:$B,">0") -> 101.84524 | D5: =ROUNDDOWN((K5/750)+(F5/240)+(F5/240),"0") -> 32 | E5: =AVERAGEIF($D:$D,">0") -> 32 | F5: =SUMIFS('OEE AHV'!M:M,'OEE AHV'!$B:$B,'AHV-01'!$A5,'OEE AHV'!$D:$D,'AHV-01'!$A$1) -> 1139.7077 | G5: =ROUNDUP((1400-F5)-(F5*0.5%),"0") -> 255 | H5: =IFERROR(IF(AND(F5="",G5="")=TRUE,"",F5/(1440-G5)),"") -> 0.96177863 | I5: =I4 -> 0.95 | K5: =SUMIFS('OEE AHV'!Q:Q,'OEE AHV'!$B:$B,'AHV-01'!$A5,'OEE AHV'!$D:$D,'AHV-01'!$A$1) -> 17399 | L5: =IF(AND(J5="",K5="")=TRUE,"",IF(OR(J5="MMS",K5="MMS")=TRUE,"",IFERROR(K5/((F5*60)/J5),1))) -> 1 | M5: =M4 -> 0.99 | N5: - | O5: =IF(N5="","",IF(N5="MMS","",IFERROR((K5-N5)/K5,1))) -> 1 | P5: =P4 -> 1 | Q5: =IFERROR(IF(AND(H5="",L5="",O5="")=TRUE,"",IF(H5="",1,H5)*IF(L5="",1,L5)*IF(O5="",1,O5)),"") -> 0.96177863 | R5: =IFERROR(IF(AND(I5="",M5="",P5="")=TRUE,"",IF(I5="",1,I5)*IF(M5="",1,M5)*IF(P5="",1,P5)),"") -> 0.9405 | S5: =ROUNDUP((('AHV-01'!$F5/480)/3),"0") -> 1 | T5: =IFERROR(K5/S5,"") -> 17399 | U5: =U4 -> FY2025_MLS_Spindle Motor_Spindle Motor(FDB UNIT)_Bang Pa-in
A6: 46059 | B6: =SUMIFS('OEE AHV'!J:J,'OEE AHV'!$B:$B,'AHV-01'!$A6,'OEE AHV'!$D:$D,'AHV-01'!$A$1) -> 97.310547 | C6: =AVERAGEIF($B:$B,">0") -> 101.84524 | D6: =ROUNDDOWN((K6/750)+(F6/240)+(F6/240),"0") -> 30 | E6: =AVERAGEIF($D:$D,">0") -> 32 | F6: =SUMIFS('OEE AHV'!M:M,'OEE AHV'!$B:$B,'AHV-01'!$A6,'OEE AHV'!$D:$D,'AHV-01'!$A$1) -> 1064.6895 | G6: =ROUNDUP((1400-F6)-(F6*0.5%),"0") -> 330 | H6: =IFERROR(IF(AND(F6="",G6="")=TRUE,"",F6/(1440-G6)),"") -> 0.95917969 | I6: =I5 -> 0.95 | K6: =SUMIFS('OEE AHV'!Q:Q,'OEE AHV'!$B:$B,'AHV-01'!$A6,'OEE AHV'!$D:$D,'AHV-01'!$A$1) -> 15867 | L6: =IF(AND(J6="",K6="")=TRUE,"",IF(OR(J6="MMS",K6="MMS")=TRUE,"",IFERROR(K6/((F6*60)/J6),1))) -> 1 | M6: =M5 -> 0.99 | N6: - | O6: =IF(N6="","",IF(N6="MMS","",IFERROR((K6-N6)/K6,1))) -> 1 | P6: =P5 -> 1 | Q6: =IFERROR(IF(AND(H6="",L6="",O6="")=TRUE,"",IF(H6="",1,H6)*IF(L6="",1,L6)*IF(O6="",1,O6)),"") -> 0.95917969 | R6: =IFERROR(IF(AND(I6="",M6="",P6="")=TRUE,"",IF(I6="",1,I6)*IF(M6="",1,M6)*IF(P6="",1,P6)),"") -> 0.9405 | S6: =ROUNDUP((('AHV-01'!$F6/480)/3),"0") -> 1 | T6: =IFERROR(K6/S6,"") -> 15867 | U6: =U5 -> FY2025_MLS_Spindle Motor_Spindle Motor(FDB UNIT)_Bang Pa-in
A7: 46060 | B7: =SUMIFS('OEE AHV'!J:J,'OEE AHV'!$B:$B,'AHV-01'!$A7,'OEE AHV'!$D:$D,'AHV-01'!$A$1) -> 106.59375 | C7: =AVERAGEIF($B:$B,">0") -> 101.84524 | D7: =ROUNDDOWN((K7/750)+(F7/240)+(F7/240),"0") -> 34 | E7: =AVERAGEIF($D:$D,">0") -> 32 | F7: =SUMIFS('OEE AHV'!M:M,'OEE AHV'!$B:$B,'AHV-01'!$A7,'OEE AHV'!$D:$D,'AHV-01'!$A$1) -> 1288.4062 | G7: =ROUNDUP((1400-F7)-(F7*0.5%),"0") -> 106 | H7: =IFERROR(IF(AND(F7="",G7="")=TRUE,"",F7/(1440-G7)),"") -> 0.96582178 | I7: =I6 -> 0.95 | K7: =SUMIFS('OEE AHV'!Q:Q,'OEE AHV'!$B:$B,'AHV-01'!$A7,'OEE AHV'!$D:$D,'AHV-01'!$A$1) -> 17904 | L7: =IF(AND(J7="",K7="")=TRUE,"",IF(OR(J7="MMS",K7="MMS")=TRUE,"",IFERROR(K7/((F7*60)/J7),1))) -> 1 | M7: =M6 -> 0.99 | N7: - | O7: =IF(N7="","",IF(N7="MMS","",IFERROR((K7-N7)/K7,1))) -> 1 | P7: =P6 -> 1 | Q7: =IFERROR(IF(AND(H7="",L7="",O7="")=TRUE,"",IF(H7="",1,H7)*IF(L7="",1,L7)*IF(O7="",1,O7)),"") -> 0.96582178 | R7: =IFERROR(IF(AND(I7="",M7="",P7="")=TRUE,"",IF(I7="",1,I7)*IF(M7="",1,M7)*IF(P7="",1,P7)),"") -> 0.9405 | S7: =ROUNDUP((('AHV-01'!$F7/480)/3),"0") -> 1 | T7: =IFERROR(K7/S7,"") -> 17904 | U7: =U6 -> FY2025_MLS_Spindle Motor_Spindle Motor(FDB UNIT)_Bang Pa-in
A8: 46061 | B8: =SUMIFS('OEE AHV'!J:J,'OEE AHV'!$B:$B,'AHV-01'!$A8,'OEE AHV'!$D:$D,'AHV-01'!$A$1) -> 55.296875 | C8: =AVERAGEIF($B:$B,">0") -> 101.84524 | D8: =ROUNDDOWN((K8/750)+(F8/240)+(F8/240),"0") -> 14 | E8: =AVERAGEIF($D:$D,">0") -> 32 | F8: =SUMIFS('OEE AHV'!M:M,'OEE AHV'!$B:$B,'AHV-01'!$A8,'OEE AHV'!$D:$D,'AHV-01'!$A$1) -> 664.70312 | G8: =ROUNDUP((1400-F8)-(F8*0.5%),"0") -> 732 | H8: =IFERROR(IF(AND(F8="",G8="")=TRUE,"",F8/(1440-G8)),"") -> 0.93884622 | I8: =I7 -> 0.95 | K8: =SUMIFS('OEE AHV'!Q:Q,'OEE AHV'!$B:$B,'AHV-01'!$A8,'OEE AHV'!$D:$D,'AHV-01'!$A$1) -> 6648 | L8: =IF(AND(J8="",K8="")=TRUE,"",IF(OR(J8="MMS",K8="MMS")=TRUE,"",IFERROR(K8/((F8*60)/J8),1))) -> 1 | M8: =M7 -> 0.99 | N8: - | O8: =IF(N8="","",IF(N8="MMS","",IFERROR((K8-N8)/K8,1))) -> 1 | P8: =P7 -> 1 | Q8: =IFERROR(IF(AND(H8="",L8="",O8="")=TRUE,"",IF(H8="",1,H8)*IF(L8="",1,L8)*IF(O8="",1,O8)),"") -> 0.93884622 | R8: =IFERROR(IF(AND(I8="",M8="",P8="")=TRUE,"",IF(I8="",1,I8)*IF(M8="",1,M8)*IF(P8="",1,P8)),"") -> 0.9405 | S8: =ROUNDUP((('AHV-01'!$F8/480)/3),"0") -> 1 | T8: =IFERROR(K8/S8,"") -> 6648 | U8: =U7 -> FY2025_MLS_Spindle Motor_Spindle Motor(FDB UNIT)_Bang Pa-in
A9: 46062 | B9: =SUMIFS('OEE AHV'!J:J,'OEE AHV'!$B:$B,'AHV-01'!$A9,'OEE AHV'!$D:$D,'AHV-01'!$A$1) -> 108.92708 | C9: =AVERAGEIF($B:$B,">0") -> 101.84524 | D9: =ROUNDDOWN((K9/750)+(F9/240)+(F9/240),"0") -> 35 | E9: =AVERAGEIF($D:$D,">0") -> 32 | F9: =SUMIFS('OEE AHV'!M:M,'OEE AHV'!$B:$B,'AHV-01'!$A9,'OEE AHV'!$D:$D,'AHV-01'!$A$1) -> 1299.0729 | G9: =ROUNDUP((1400-F9)-(F9*0.5%),"0") -> 95 | H9: =IFERROR(IF(AND(F9="",G9="")=TRUE,"",F9/(1440-G9)),"") -> 0.96585347 | I9: =I8 -> 0.95 | K9: =SUMIFS('OEE AHV'!Q:Q,'OEE AHV'!$B:$B,'AHV-01'!$A9,'OEE AHV'!$D:$D,'AHV-01'!$A$1) -> 18416 | L9: =IF(AND(J9="",K9="")=TRUE,"",IF(OR(J9="MMS",K9="MMS")=TRUE,"",IFERROR(K9/((F9*60)/J9),1))) -> 1 | M9: =M8 -> 0.99 | N9: - | O9: =IF(N9="","",IF(N9="MMS","",IFERROR((K9-N9)/K9,1))) -> 1 | P9: =P8 -> 1 | Q9: =IFERROR(IF(AND(H9="",L9="",O9="")=TRUE,"",IF(H9="",1,H9)*IF(L9="",1,L9)*IF(O9="",1,O9)),"") -> 0.96585347 | R9: =IFERROR(IF(AND(I9="",M9="",P9="")=TRUE,"",IF(I9="",1,I9)*IF(M9="",1,M9)*IF(P9="",1,P9)),"") -> 0.9405 | S9: =ROUNDUP((('AHV-01'!$F9/480)/3),"0") -> 1 | T9: =IFERROR(K9/S9,"") -> 18416 | U9: =U8 -> FY2025_MLS_Spindle Motor_Spindle Motor(FDB UNIT)_Bang Pa-in
A10: 46063 | B10: =SUMIFS('OEE AHV'!J:J,'OEE AHV'!$B:$B,'AHV-01'!$A10,'OEE AHV'!$D:$D,'AHV-01'!$A$1) -> 106.62565 | C10: =AVERAGEIF($B:$B,">0") -> 101.84524 | D10: =ROUNDDOWN((K10/750)+(F10/240)+(F10/240),"0") -> 34 | E10: =AVERAGEIF($D:$D,">0") -> 32 | F10: =SUMIFS('OEE AHV'!M:M,'OEE AHV'!$B:$B,'AHV-01'!$A10,'OEE AHV'!$D:$D,'AHV-01'!$A$1) -> 1230.3743 | G10: =ROUNDUP((1400-F10)-(F10*0.5%),"0") -> 164 | H10: =IFERROR(IF(AND(F10="",G10="")=TRUE,"",F10/(1440-G10)),"") -> 0.96424322 | I10: =I9 -> 0.95 | K10: =SUMIFS('OEE AHV'!Q:Q,'OEE AHV'!$B:$B,'AHV-01'!$A10,'OEE AHV'!$D:$D,'AHV-01'!$A$1) -> 17911 | L10: =IF(AND(J10="",K10="")=TRUE,"",IF(OR(J10="MMS",K10="MMS")=TRUE,"",IFERROR(K10/((F10*60)/J10),1))) -> 1 | M10: =M9 -> 0.99 | N10: - | O10: =IF(N10="","",IF(N10="MMS","",IFERROR((K10-N10)/K10,1))) -> 1 | P10: =P9 -> 1 | Q10: =IFERROR(IF(AND(H10="",L10="",O10="")=TRUE,"",IF(H10="",1,H10)*IF(L10="",1,L10)*IF(O10="",1,O10)),"") -> 0.96424322 | R10: =IFERROR(IF(AND(I10="",M10="",P10="")=TRUE,"",IF(I10="",1,I10)*IF(M10="",1,M10)*IF(P10="",1,P10)),"") -> 0.9405 | S10: =ROUNDUP((('AHV-01'!$F10/480)/3),"0") -> 1 | T10: =IFERROR(K10/S10,"") -> 17911 | U10: =U9 -> FY2025_MLS_Spindle Motor_Spindle Motor(FDB UNIT)_Bang Pa-in
A11: 46064 | B11: =SUMIFS('OEE AHV'!J:J,'OEE AHV'!$B:$B,'AHV-01'!$A11,'OEE AHV'!$D:$D,'AHV-01'!$A$1) -> 111.27865 | C11: =AVERAGEIF($B:$B,">0") -> 101.84524 | D11: =ROUNDDOWN((K11/750)+(F11/240)+(F11/240),"0") -> 36 | E11: =AVERAGEIF($D:$D,">0") -> 32 | F11: =SUMIFS('OEE AHV'!M:M,'OEE AHV'!$B:$B,'AHV-01'!$A11,'OEE AHV'!$D:$D,'AHV-01'!$A$1) -> 1328.7214 | G11: =ROUNDUP((1400-F11)-(F11*0.5%),"0") -> 65 | H11: =IFERROR(IF(AND(F11="",G11="")=TRUE,"",F11/(1440-G11)),"") -> 0.9663428 | I11: =I10 -> 0.95 | K11: =SUMIFS('OEE AHV'!Q:Q,'OEE AHV'!$B:$B,'AHV-01'!$A11,'OEE AHV'!$D:$D,'AHV-01'!$A$1) -> 18932 | L11: =IF(AND(J11="",K11="")=TRUE,"",IF(OR(J11="MMS",K11="MMS")=TRUE,"",IFERROR(K11/((F11*60)/J11),1))) -> 1 | M11: =M10 -> 0.99 | N11: - | O11: =IF(N11="","",IF(N11="MMS","",IFERROR((K11-N11)/K11,1))) -> 1 | P11: =P10 -> 1 | Q11: =IFERROR(IF(AND(H11="",L11="",O11="")=TRUE,"",IF(H11="",1,H11)*IF(L11="",1,L11)*IF(O11="",1,O11)),"") -> 0.9663428 | R11: =IFERROR(IF(AND(I11="",M11="",P11="")=TRUE,"",IF(I11="",1,I11)*IF(M11="",1,M11)*IF(P11="",1,P11)),"") -> 0.9405 | S11: =ROUNDUP((('AHV-01'!$F11/480)/3),"0") -> 1 | T11: =IFERROR(K11/S11,"") -> 18932 | U11: =U10 -> FY2025_MLS_Spindle Motor_Spindle Motor(FDB UNIT)_Bang Pa-in
A12: 46065 | B12: =SUMIFS('OEE AHV'!J:J,'OEE AHV'!$B:$B,'AHV-01'!$A12,'OEE AHV'!$D:$D,'AHV-01'!$A$1) -> 111.22396 | C12: =AVERAGEIF($B:$B,">0") -> 101.84524 | D12: =ROUNDDOWN((K12/750)+(F12/240)+(F12/240),"0") -> 36 | E12: =AVERAGEIF($D:$D,">0") -> 32 | F12: =SUMIFS('OEE AHV'!M:M,'OEE AHV'!$B:$B,'AHV-01'!$A12,'OEE AHV'!$D:$D,'AHV-01'!$A$1) -> 1328.776 | G12: =ROUNDUP((1400-F12)-(F12*0.5%),"0") -> 65 | H12: =IFERROR(IF(AND(F12="",G12="")=TRUE,"",F12/(1440-G12)),"") -> 0.96638258 | I12: =I11 -> 0.95 | K12: =SUMIFS('OEE AHV'!Q:Q,'OEE AHV'!$B:$B,'AHV-01'!$A12,'OEE AHV'!$D:$D,'AHV-01'!$A$1) -> 18920 | L12: =IF(AND(J12="",K12="")=TRUE,"",IF(OR(J12="MMS",K12="MMS")=TRUE,"",IFERROR(K12/((F12*60)/J12),1))) -> 1 | M12: =M11 -> 0.99 | N12: - | O12: =IF(N12="","",IF(N12="MMS","",IFERROR((K12-N12)/K12,1))) -> 1 | P12: =P11 -> 1 | Q12: =IFERROR(IF(AND(H12="",L12="",O12="")=TRUE,"",IF(H12="",1,H12)*IF(L12="",1,L12)*IF(O12="",1,O12)),"") -> 0.96638258 | R12: =IFERROR(IF(AND(I12="",M12="",P12="")=TRUE,"",IF(I12="",1,I12)*IF(M12="",1,M12)*IF(P12="",1,P12)),"") -> 0.9405 | S12: =ROUNDUP((('AHV-01'!$F12/480)/3),"0") -> 1 | T12: =IFERROR(K12/S12,"") -> 18920 | U12: =U11 -> FY2025_MLS_Spindle Motor_Spindle Motor(FDB UNIT)_Bang Pa-in
A13: 46066 | B13: =SUMIFS('OEE AHV'!J:J,'OEE AHV'!$B:$B,'AHV-01'!$A13,'OEE AHV'!$D:$D,'AHV-01'!$A$1) -> 108.92253 | C13: =AVERAGEIF($B:$B,">0") -> 101.84524 | D13: =ROUNDDOWN((K13/750)+(F13/240)+(F13/240),"0") -> 35 | E13: =AVERAGEIF($D:$D,">0") -> 32 | F13: =SUMIFS('OEE AHV'!M:M,'OEE AHV'!$B:$B,'AHV-01'!$A13,'OEE AHV'!$D:$D,'AHV-01'!$A$1) -> 1311.0775 | G13: =ROUNDUP((1400-F13)-(F13*0.5%),"0") -> 83 | H13: =IFERROR(IF(AND(F13="",G13="")=TRUE,"",F13/(1440-G13)),"") -> 0.96615879 | I13: =I12 -> 0.95 | K13: =SUMIFS('OEE AHV'!Q:Q,'OEE AHV'!$B:$B,'AHV-01'!$A13,'OEE AHV'!$D:$D,'AHV-01'!$A$1) -> 18415 | L13: =IF(AND(J13="",K13="")=TRUE,"",IF(OR(J13="MMS",K13="MMS")=TRUE,"",IFERROR(K13/((F13*60)/J13),1))) -> 1 | M13: =M12 -> 0.99 | N13: - | O13: =IF(N13="","",IF(N13="MMS","",IFERROR((K13-N13)/K13,1))) -> 1 | P13: =P12 -> 1 | Q13: =IFERROR(IF(AND(H13="",L13="",O13="")=TRUE,"",IF(H13="",1,H13)*IF(L13="",1,L13)*IF(O13="",1,O13)),"") -> 0.96615879 | R13: =IFERROR(IF(AND(I13="",M13="",P13="")=TRUE,"",IF(I13="",1,I13)*IF(M13="",1,M13)*IF(P13="",1,P13)),"") -> 0.9405 | S13: =ROUNDUP((('AHV-01'!$F13/480)/3),"0") -> 1 | T13: =IFERROR(K13/S13,"") -> 18415 | U13: =U12 -> FY2025_MLS_Spindle Motor_Spindle Motor(FDB UNIT)_Bang Pa-in
A14: 46067 | B14: =SUMIFS('OEE AHV'!J:J,'OEE AHV'!$B:$B,'AHV-01'!$A14,'OEE AHV'!$D:$D,'AHV-01'!$A$1) -> 111.25586 | C14: =AVERAGEIF($B:$B,">0") -> 101.84524 | D14: =ROUNDDOWN((K14/750)+(F14/240)+(F14/240),"0") -> 36 | E14: =AVERAGEIF($D:$D,">0") -> 32 | F14: =SUMIFS('OEE AHV'!M:M,'OEE AHV'!$B:$B,'AHV-01'!$A14,'OEE AHV'!$D:$D,'AHV-01'!$A$1) -> 1328.7441 | G14: =ROUNDUP((1400-F14)-(F14*0.5%),"0") -> 65 | H14: =IFERROR(IF(AND(F14="",G14="")=TRUE,"",F14/(1440-G14)),"") -> 0.96635938 | I14: =I13 -> 0.95 | K14: =SUMIFS('OEE AHV'!Q:Q,'OEE AHV'!$B:$B,'AHV-01'!$A14,'OEE AHV'!$D:$D,'AHV-01'!$A$1) -> 18927 | L14: =IF(AND(J14="",K14="")=TRUE,"",IF(OR(J14="MMS",K14="MMS")=TRUE,"",IFERROR(K14/((F14*60)/J14),1))) -> 1 | M14: =M13 -> 0.99 | N14: - | O14: =IF(N14="","",IF(N14="MMS","",IFERROR((K14-N14)/K14,1))) -> 1 | P14: =P13 -> 1 | Q14: =IFERROR(IF(AND(H14="",L14="",O14="")=TRUE,"",IF(H14="",1,H14)*IF(L14="",1,L14)*IF(O14="",1,O14)),"") -> 0.96635938 | R14: =IFERROR(IF(AND(I14="",M14="",P14="")=TRUE,"",IF(I14="",1,I14)*IF(M14="",1,M14)*IF(P14="",1,P14)),"") -> 0.9405 | S14: =ROUNDUP((('AHV-01'!$F14/480)/3),"0") -> 1 | T14: =IFERROR(K14/S14,"") -> 18927 | U14: =U13 -> FY2025_MLS_Spindle Motor_Spindle Motor(FDB UNIT)_Bang Pa-in
... A25: 46080 | B25: =SUMIFS('OEE AHV'!J:J,'OEE AHV'!$B:$B,'AHV-01'!$A25,'OEE AHV'!$D:$D,'AHV-01'!$A$1) -> 106.61654 | C25: =AVERAGEIF($B:$B,">0") -> 101.84524 | D25: =ROUNDDOWN((K25/750)+(F25/240)+(F25/240),"0") -> 34 | E25: =AVERAGEIF($D:$D,">0") -> 32 | F25: =SUMIFS('OEE AHV'!M:M,'OEE AHV'!$B:$B,'AHV-01'!$A25,'OEE AHV'!$D:$D,'AHV-01'!$A$1) -> 1245.3835 | G25: =ROUNDUP((1400-F25)-(F25*0.5%),"0") -> 149 | H25: =IFERROR(IF(AND(F25="",G25="")=TRUE,"",F25/(1440-G25)),"") -> 0.96466573 | I25: =I24 -> 0.95 | K25: =SUMIFS('OEE AHV'!Q:Q,'OEE AHV'!$B:$B,'AHV-01'!$A25,'OEE AHV'!$D:$D,'AHV-01'!$A$1) -> 17909 | L25: =IF(AND(J25="",K25="")=TRUE,"",IF(OR(J25="MMS",K25="MMS")=TRUE,"",IFERROR(K25/((F25*60)/J25),1))) -> 1 | M25: =M24 -> 0.99 | N25: - | O25: =IF(N25="","",IF(N25="MMS","",IFERROR((K25-N25)/K25,1))) -> 1 | P25: =P24 -> 1 | Q25: =IFERROR(IF(AND(H25="",L25="",O25="")=TRUE,"",IF(H25="",1,H25)*IF(L25="",1,L25)*IF(O25="",1,O25)),"") -> 0.96466573 | R25: =IFERROR(IF(AND(I25="",M25="",P25="")=TRUE,"",IF(I25="",1,I25)*IF(M25="",1,M25)*IF(P25="",1,P25)),"") -> 0.9405 | S25: =ROUNDUP((('AHV-01'!$F25/480)/3),"0") -> 1 | T25: =IFERROR(K25/S25,"") -> 17909 | U25: =U24 -> FY2025_MLS_Spindle Motor_Spindle Motor(FDB UNIT)_Bang Pa-in

Sheet AHV-02
A1: AHV-02 | B1: Choko tei Duration[min] /day | C1: Target Choko tei Duration[min] /day | D1: Choko tei Count /day | E1: Target Choko tei Count /day | F1: Run[min] /day | G1: Plan Stop[min] /day | H1: Availability[%] | I1: Target Availability[%] | J1: Target Cycletime[s] | K1: Production Q'ty /day | L1: Performance[%] | M1: Target Performance[%] | N1: 1st NG Q'ty /day | O1: Quality[%] | P1: Target Quality[%] | Q1: OEE[%] | R1: Target OEE[%] | S1: Man Power /day | T1: Productivity | U1: file_name
A2: 46055 | B2: =SUMIFS('OEE AHV'!J:J,'OEE AHV'!$B:$B,'AHV-02'!$A2,'OEE AHV'!$D:$D,'AHV-02'!$A$1) -> 83.296875 | C2: =AVERAGEIF($B:$B,">0") -> 102.92437 | D2: =ROUNDDOWN((K2/750)+(F2/240)+(F2/240),"0") -> 24 | E2: =AVERAGEIF($D:$D,">0") -> 32.083333 | F2: =SUMIFS('OEE AHV'!M:M,'OEE AHV'!$B:$B,'AHV-02'!$A2,'OEE AHV'!$D:$D,'AHV-02'!$A$1) -> 900.70312 | G2: =ROUNDUP((1400-F2)-(F2*0.5%),"0") -> 495 | H2: =IFERROR(IF(AND(F2="",G2="")=TRUE,"",F2/(1440-G2)),"") -> 0.953125 | I2: =95% -> 0.95 | K2: =SUMIFS('OEE AHV'!Q:Q,'OEE AHV'!$B:$B,'AHV-02'!$A2,'OEE AHV'!$D:$D,'AHV-02'!$A$1) -> 12792 | L2: =IF(AND(J2="",K2="")=TRUE,"",IF(OR(J2="MMS",K2="MMS")=TRUE,"",IFERROR(K2/((F2*60)/J2),1))) -> 1 | M2: =99% -> 0.99 | N2: - | O2: =IF(N2="","",IF(N2="MMS","",IFERROR((K2-N2)/K2,1))) -> 1 | P2: =100% -> 1 | Q2: =IFERROR(IF(AND(H2="",L2="",O2="")=TRUE,"",IF(H2="",1,H2)*IF(L2="",1,L2)*IF(O2="",1,O2)),"") -> 0.953125 | R2: =IFERROR(IF(AND(I2="",M2="",P2="")=TRUE,"",IF(I2="",1,I2)*IF(M2="",1,M2)*IF(P2="",1,P2)),"") -> 0.9405 | S2: =ROUNDUP((('AHV-02'!$F2/480)/3),"0") -> 1 | T2: =IFERROR(K2/S2,"") -> 12792 | U2: FY2025_MLS_Spindle Motor_Spindle Motor(FDB UNIT)_Bang Pa-in
A3: 46056 | B3: =SUMIFS('OEE AHV'!J:J,'OEE AHV'!$B:$B,'AHV-02'!$A3,'OEE AHV'!$D:$D,'AHV-02'!$A$1) -> 99.625651 | C3: =AVERAGEIF($B:$B,">0") -> 102.92437 | D3: =ROUNDDOWN((K3/750)+(F3/240)+(F3/240),"0") -> 31 | E3: =AVERAGEIF($D:$D,">0") -> 32.083333 | F3: =SUMIFS('OEE AHV'!M:M,'OEE AHV'!$B:$B,'AHV-02'!$A3,'OEE AHV'!$D:$D,'AHV-02'!$A$1) -> 1159.3743 | G3: =ROUNDUP((1400-F3)-(F3*0.5%),"0") -> 235 | H3: =IFERROR(IF(AND(F3="",G3="")=TRUE,"",F3/(1440-G3)),"") -> 0.96213639 | I3: =I2 -> 0.95 | K3: =SUMIFS('OEE AHV'!Q:Q,'OEE AHV'!$B:$B,'AHV-02'!$A3,'OEE AHV'!$D:$D,'AHV-02'!$A$1) -> 16375 | L3: =IF(AND(J3="",K3="")=TRUE,"",IF(OR(J3="MMS",K3="MMS")=TRUE,"",IFERROR(K3/((F3*60)/J3),1))) -> 1 | M3: =M2 -> 0.99 | N3: - | O3: =IF(N3="","",IF(N3="MMS","",IFERROR((K3-N3)/K3,1))) -> 1 | P3: =P2 -> 1 | Q3: =IFERROR(IF(AND(H3="",L3="",O3="")=TRUE,"",IF(H3="",1,H3)*IF(L3="",1,L3)*IF(O3="",1,O3)),"") -> 0.96213639 | R3: =IFERROR(IF(AND(I3="",M3="",P3="")=TRUE,"",IF(I3="",1,I3)*IF(M3="",1,M3)*IF(P3="",1,P3)),"") -> 0.9405 | S3: =ROUNDUP((('AHV-02'!$F3/480)/3),"0") -> 1 | T3: =IFERROR(K3/S3,"") -> 16375 | U3: =U2 -> FY2025_MLS_Spindle Motor_Spindle Motor(FDB UNIT)_Bang Pa-in
A4: 46057 | B4: =SUMIFS('OEE AHV'!J:J,'OEE AHV'!$B:$B,'AHV-02'!$A4,'OEE AHV'!$D:$D,'AHV-02'!$A$1) -> 99.648438 | C4: =AVERAGEIF($B:$B,">0") -> 102.92437 | D4: =ROUNDDOWN((K4/750)+(F4/240)+(F4/240),"0") -> 30 | E4: =AVERAGEIF($D:$D,">0") -> 32.083333 | F4: =SUMIFS('OEE AHV'!M:M,'OEE AHV'!$B:$B,'AHV-02'!$A4,'OEE AHV'!$D:$D,'AHV-02'!$A$1) -> 1066.3516 | G4: =ROUNDUP((1400-F4)-(F4*0.5%),"0") -> 329 | H4: =IFERROR(IF(AND(F4="",G4="")=TRUE,"",F4/(1440-G4)),"") -> 0.95981239 | I4: =I3 -> 0.95 | K4: =SUMIFS('OEE AHV'!Q:Q,'OEE AHV'!$B:$B,'AHV-02'!$A4,'OEE AHV'!$D:$D,'AHV-02'!$A$1) -> 16380 | L4: =IF(AND(J4="",K4="")=TRUE,"",IF(OR(J4="MMS",K4="MMS")=TRUE,"",IFERROR(K4/((F4*60)/J4),1))) -> 1 | M4: =M3 -> 0.99 | N4: - | O4: =IF(N4="","",IF(N4="MMS","",IFERROR((K4-N4)/K4,1))) -> 1 | P4: =P3 -> 1 | Q4: =IFERROR(IF(AND(H4="",L4="",O4="")=TRUE,"",IF(H4="",1,H4)*IF(L4="",1,L4)*IF(O4="",1,O4)),"") -> 0.95981239 | R4: =IFERROR(IF(AND(I4="",M4="",P4="")=TRUE,"",IF(I4="",1,I4)*IF(M4="",1,M4)*IF(P4="",1,P4)),"") -> 0.9405 | S4: =ROUNDUP((('AHV-02'!$F4/480)/3),"0") -> 1 | T4: =IFERROR(K4/S4,"") -> 16380 | U4: =U3 -> FY2025_MLS_Spindle Motor_Spindle Motor(FDB UNIT)_Bang Pa-in
A5: 46058 | B5: =SUMIFS('OEE AHV'!J:J,'OEE AHV'!$B:$B,'AHV-02'!$A5,'OEE AHV'!$D:$D,'AHV-02'!$A$1) -> 104.25586 | C5: =AVERAGEIF($B:$B,">0") -> 102.92437 | D5: =ROUNDDOWN((K5/750)+(F5/240)+(F5/240),"0") -> 32 | E5: =AVERAGEIF($D:$D,">0") -> 32.083333 | F5: =SUMIFS('OEE AHV'!M:M,'OEE AHV'!$B:$B,'AHV-02'!$A5,'OEE AHV'!$D:$D,'AHV-02'!$A$1) -> 1171.7441 | G5: =ROUNDUP((1400-F5)-(F5*0.5%),"0") -> 223 | H5: =IFERROR(IF(AND(F5="",G5="")=TRUE,"",F5/(1440-G5)),"") -> 0.96281359 | I5: =I4 -> 0.95 | K5: =SUMIFS('OEE AHV'!Q:Q,'OEE AHV'!$B:$B,'AHV-02'!$A5,'OEE AHV'!$D:$D,'AHV-02'!$A$1) -> 17391 | L5: =IF(AND(J5="",K5="")=TRUE,"",IF(OR(J5="MMS",K5="MMS")=TRUE,"",IFERROR(K5/((F5*60)/J5),1))) -> 1 | M5: =M4 -> 0.99 | N5: - | O5: =IF(N5="","",IF(N5="MMS","",IFERROR((K5-N5)/K5,1))) -> 1 | P5: =P4 -> 1 | Q5: =IFERROR(IF(AND(H5="",L5="",O5="")=TRUE,"",IF(H5="",1,H5)*IF(L5="",1,L5)*IF(O5="",1,O5)),"") -> 0.96281359 | R5: =IFERROR(IF(AND(I5="",M5="",P5="")=TRUE,"",IF(I5="",1,I5)*IF(M5="",1,M5)*IF(P5="",1,P5)),"") -> 0.9405 | S5: =ROUNDUP((('AHV-02'!$F5/480)/3),"0") -> 1 | T5: =IFERROR(K5/S5,"") -> 17391 | U5: =U4 -> FY2025_MLS_Spindle Motor_Spindle Motor(FDB UNIT)_Bang Pa-in
A6: 46059 | B6: =SUMIFS('OEE AHV'!J:J,'OEE AHV'!$B:$B,'AHV-02'!$A6,'OEE AHV'!$D:$D,'AHV-02'!$A$1) -> 101.9362 | C6: =AVERAGEIF($B:$B,">0") -> 102.92437 | D6: =ROUNDDOWN((K6/750)+(F6/240)+(F6/240),"0") -> 33 | E6: =AVERAGEIF($D:$D,">0") -> 32.083333 | F6: =SUMIFS('OEE AHV'!M:M,'OEE AHV'!$B:$B,'AHV-02'!$A6,'OEE AHV'!$D:$D,'AHV-02'!$A$1) -> 1338.0638 | G6: =ROUNDUP((1400-F6)-(F6*0.5%),"0") -> 56 | H6: =IFERROR(IF(AND(F6="",G6="")=TRUE,"",F6/(1440-G6)),"") -> 0.96680911 | I6: =I5 -> 0.95 | K6: =SUMIFS('OEE AHV'!Q:Q,'OEE AHV'!$B:$B,'AHV-02'!$A6,'OEE AHV'!$D:$D,'AHV-02'!$A$1) -> 16882 | L6: =IF(AND(J6="",K6="")=TRUE,"",IF(OR(J6="MMS",K6="MMS")=TRUE,"",IFERROR(K6/((F6*60)/J6),1))) -> 1 | M6: =M5 -> 0.99 | N6: - | O6: =IF(N6="","",IF(N6="MMS","",IFERROR((K6-N6)/K6,1))) -> 1 | P6: =P5 -> 1 | Q6: =IFERROR(IF(AND(H6="",L6="",O6="")=TRUE,"",IF(H6="",1,H6)*IF(L6="",1,L6)*IF(O6="",1,O6)),"") -> 0.96680911 | R6: =IFERROR(IF(AND(I6="",M6="",P6="")=TRUE,"",IF(I6="",1,I6)*IF(M6="",1,M6)*IF(P6="",1,P6)),"") -> 0.9405 | S6: =ROUNDUP((('AHV-02'!$F6/480)/3),"0") -> 1 | T6: =IFERROR(K6/S6,"") -> 16882 | U6: =U5 -> FY2025_MLS_Spindle Motor_Spindle Motor(FDB UNIT)_Bang Pa-in
A7: 46060 | B7: =SUMIFS('OEE AHV'!J:J,'OEE AHV'!$B:$B,'AHV-02'!$A7,'OEE AHV'!$D:$D,'AHV-02'!$A$1) -> 108.96354 | C7: =AVERAGEIF($B:$B,">0") -> 102.92437 | D7: =ROUNDDOWN((K7/750)+(F7/240)+(F7/240),"0") -> 33 | E7: =AVERAGEIF($D:$D,">0") -> 32.083333 | F7: =SUMIFS('OEE AHV'!M:M,'OEE AHV'!$B:$B,'AHV-02'!$A7,'OEE AHV'!$D:$D,'AHV-02'!$A$1) -> 1052.0365 | G7: =ROUNDUP((1400-F7)-(F7*0.5%),"0") -> 343 | H7: =IFERROR(IF(AND(F7="",G7="")=TRUE,"",F7/(1440-G7)),"") -> 0.95901227 | I7: =I6 -> 0.95 | K7: =SUMIFS('OEE AHV'!Q:Q,'OEE AHV'!$B:$B,'AHV-02'!$A7,'OEE AHV'!$D:$D,'AHV-02'!$A$1) -> 18424 | L7: =IF(AND(J7="",K7="")=TRUE,"",IF(OR(J7="MMS",K7="MMS")=TRUE,"",IFERROR(K7/((F7*60)/J7),1))) -> 1 | M7: =M6 -> 0.99 | N7: - | O7: =IF(N7="","",IF(N7="MMS","",IFERROR((K7-N7)/K7,1))) -> 1 | P7: =P6 -> 1 | Q7: =IFERROR(IF(AND(H7="",L7="",O7="")=TRUE,"",IF(H7="",1,H7)*IF(L7="",1,L7)*IF(O7="",1,O7)),"") -> 0.95901227 | R7: =IFERROR(IF(AND(I7="",M7="",P7="")=TRUE,"",IF(I7="",1,I7)*IF(M7="",1,M7)*IF(P7="",1,P7)),"") -> 0.9405 | S7: =ROUNDUP((('AHV-02'!$F7/480)/3),"0") -> 1 | T7: =IFERROR(K7/S7,"") -> 18424 | U7: =U6 -> FY2025_MLS_Spindle Motor_Spindle Motor(FDB UNIT)_Bang Pa-in
A8: 46061 | B8: =SUMIFS('OEE AHV'!J:J,'OEE AHV'!$B:$B,'AHV-02'!$A8,'OEE AHV'!$D:$D,'AHV-02'!$A$1) -> 34.333333 | C8: =AVERAGEIF($B:$B,">0") -> 102.92437 | D8: =ROUNDDOWN((K8/750)+(F8/240)+(F8/240),"0") -> 8 | E8: =AVERAGEIF($D:$D,">0") -> 32.083333 | F8: =SUMIFS('OEE AHV'!M:M,'OEE AHV'!$B:$B,'AHV-02'!$A8,'OEE AHV'!$D:$D,'AHV-02'!$A$1) -> 685.66667 | G8: =ROUNDUP((1400-F8)-(F8*0.5%),"0") -> 711 | H8: =IFERROR(IF(AND(F8="",G8="")=TRUE,"",F8/(1440-G8)),"") -> 0.94055784 | I8: =I7 -> 0.95 | K8: =SUMIFS('OEE AHV'!Q:Q,'OEE AHV'!$B:$B,'AHV-02'!$A8,'OEE AHV'!$D:$D,'AHV-02'!$A$1) -> 2048 | L8: =IF(AND(J8="",K8="")=TRUE,"",IF(OR(J8="MMS",K8="MMS")=TRUE,"",IFERROR(K8/((F8*60)/J8),1))) -> 1 | M8: =M7 -> 0.99 | N8: - | O8: =IF(N8="","",IF(N8="MMS","",IFERROR((K8-N8)/K8,1))) -> 1 | P8: =P7 -> 1 | Q8: =IFERROR(IF(AND(H8="",L8="",O8="")=TRUE,"",IF(H8="",1,H8)*IF(L8="",1,L8)*IF(O8="",1,O8)),"") -> 0.94055784 | R8: =IFERROR(IF(AND(I8="",M8="",P8="")=TRUE,"",IF(I8="",1,I8)*IF(M8="",1,M8)*IF(P8="",1,P8)),"") -> 0.9405 | S8: =ROUNDUP((('AHV-02'!$F8/480)/3),"0") -> 1 | T8: =IFERROR(K8/S8,"") -> 2048 | U8: =U7 -> FY2025_MLS_Spindle Motor_Spindle Motor(FDB UNIT)_Bang Pa-in
A9: 46062 | B9: =SUMIFS('OEE AHV'!J:J,'OEE AHV'!$B:$B,'AHV-02'!$A9,'OEE AHV'!$D:$D,'AHV-02'!$A$1) -> 99.639323 | C9: =AVERAGEIF($B:$B,">0") -> 102.92437 | D9: =ROUNDDOWN((K9/750)+(F9/240)+(F9/240),"0") -> 31 | E9: =AVERAGEIF($D:$D,">0") -> 32.083333 | F9: =SUMIFS('OEE AHV'!M:M,'OEE AHV'!$B:$B,'AHV-02'!$A9,'OEE AHV'!$D:$D,'AHV-02'!$A$1) -> 1144.3607 | G9: =ROUNDUP((1400-F9)-(F9*0.5%),"0") -> 250 | H9: =IFERROR(IF(AND(F9="",G9="")=TRUE,"",F9/(1440-G9)),"") -> 0.96164763 | I9: =I8 -> 0.95 | K9: =SUMIFS('OEE AHV'!Q:Q,'OEE AHV'!$B:$B,'AHV-02'!$A9,'OEE AHV'!$D:$D,'AHV-02'!$A$1) -> 16378 | L9: =IF(AND(J9="",K9="")=TRUE,"",IF(OR(J9="MMS",K9="MMS")=TRUE,"",IFERROR(K9/((F9*60)/J9),1))) -> 1 | M9: =M8 -> 0.99 | N9: - | O9: =IF(N9="","",IF(N9="MMS","",IFERROR((K9-N9)/K9,1))) -> 1 | P9: =P8 -> 1 | Q9: =IFERROR(IF(AND(H9="",L9="",O9="")=TRUE,"",IF(H9="",1,H9)*IF(L9="",1,L9)*IF(O9="",1,O9)),"") -> 0.96164763 | R9: =IFERROR(IF(AND(I9="",M9="",P9="")=TRUE,"",IF(I9="",1,I9)*IF(M9="",1,M9)*IF(P9="",1,P9)),"") -> 0.9405 | S9: =ROUNDUP((('AHV-02'!$F9/480)/3),"0") -> 1 | T9: =IFERROR(K9/S9,"") -> 16378 | U9: =U8 -> FY2025_MLS_Spindle Motor_Spindle Motor(FDB UNIT)_Bang Pa-in
A10: 46063 | B10: =SUMIFS('OEE AHV'!J:J,'OEE AHV'!$B:$B,'AHV-02'!$A10,'OEE AHV'!$D:$D,'AHV-02'!$A$1) -> 113.60742 | C10: =AVERAGEIF($B:$B,">0") -> 102.92437 | D10: =ROUNDDOWN((K10/750)+(F10/240)+(F10/240),"0") -> 36 | E10: =AVERAGEIF($D:$D,">0") -> 32.083333 | F10: =SUMIFS('OEE AHV'!M:M,'OEE AHV'!$B:$B,'AHV-02'!$A10,'OEE AHV'!$D:$D,'AHV-02'!$A$1) -> 1326.3926 | G10: =ROUNDUP((1400-F10)-(F10*0.5%),"0") -> 67 | H10: =IFERROR(IF(AND(F10="",G10="")=TRUE,"",F10/(1440-G10)),"") -> 0.96605432 | I10: =I9 -> 0.95 | K10: =SUMIFS('OEE AHV'!Q:Q,'OEE AHV'!$B:$B,'AHV-02'!$A10,'OEE AHV'!$D:$D,'AHV-02'!$A$1) -> 19443 | L10: =IF(AND(J10="",K10="")=TRUE,"",IF(OR(J10="MMS",K10="MMS")=TRUE,"",IFERROR(K10/((F10*60)/J10),1))) -> 1 | M10: =M9 -> 0.99 | N10: - | O10: =IF(N10="","",IF(N10="MMS","",IFERROR((K10-N10)/K10,1))) -> 1 | P10: =P9 -> 1 | Q10: =IFERROR(IF(AND(H10="",L10="",O10="")=TRUE,"",IF(H10="",1,H10)*IF(L10="",1,L10)*IF(O10="",1,O10)),"") -> 0.96605432 | R10: =IFERROR(IF(AND(I10="",M10="",P10="")=TRUE,"",IF(I10="",1,I10)*IF(M10="",1,M10)*IF(P10="",1,P10)),"") -> 0.9405 | S10: =ROUNDUP((('AHV-02'!$F10/480)/3),"0") -> 1 | T10: =IFERROR(K10/S10,"") -> 19443 | U10: =U9 -> FY2025_MLS_Spindle Motor_Spindle Motor(FDB UNIT)_Bang Pa-in
A11: 46064 | B11: =SUMIFS('OEE AHV'!J:J,'OEE AHV'!$B:$B,'AHV-02'!$A11,'OEE AHV'!$D:$D,'AHV-02'!$A$1) -> 113.58008 | C11: =AVERAGEIF($B:$B,">0") -> 102.92437 | D11: =ROUNDDOWN((K11/750)+(F11/240)+(F11/240),"0") -> 36 | E11: =AVERAGEIF($D:$D,">0") -> 32.083333 | F11: =SUMIFS('OEE AHV'!M:M,'OEE AHV'!$B:$B,'AHV-02'!$A11,'OEE AHV'!$D:$D,'AHV-02'!$A$1) -> 1326.4199 | G11: =ROUNDUP((1400-F11)-(F11*0.5%),"0") -> 67 | H11: =IFERROR(IF(AND(F11="",G11="")=TRUE,"",F11/(1440-G11)),"") -> 0.96607423 | I11: =I10 -> 0.95 | K11: =SUMIFS('OEE AHV'!Q:Q,'OEE AHV'!$B:$B,'AHV-02'!$A11,'OEE AHV'!$D:$D,'AHV-02'!$A$1) -> 19437 | L11: =IF(AND(J11="",K11="")=TRUE,"",IF(OR(J11="MMS",K11="MMS")=TRUE,"",IFERROR(K11/((F11*60)/J11),1))) -> 1 | M11: =M10 -> 0.99 | N11: - | O11: =IF(N11="","",IF(N11="MMS","",IFERROR((K11-N11)/K11,1))) -> 1 | P11: =P10 -> 1 | Q11: =IFERROR(IF(AND(H11="",L11="",O11="")=TRUE,"",IF(H11="",1,H11)*IF(L11="",1,L11)*IF(O11="",1,O11)),"") -> 0.96607423 | R11: =IFERROR(IF(AND(I11="",M11="",P11="")=TRUE,"",IF(I11="",1,I11)*IF(M11="",1,M11)*IF(P11="",1,P11)),"") -> 0.9405 | S11: =ROUNDUP((('AHV-02'!$F11/480)/3),"0") -> 1 | T11: =IFERROR(K11/S11,"") -> 19437 | U11: =U10 -> FY2025_MLS_Spindle Motor_Spindle Motor(FDB UNIT)_Bang Pa-in
A12: 46065 | B12: =SUMIFS('OEE AHV'!J:J,'OEE AHV'!$B:$B,'AHV-02'!$A12,'OEE AHV'!$D:$D,'AHV-02'!$A$1) -> 108.92708 | C12: =AVERAGEIF($B:$B,">0") -> 102.92437 | D12: =ROUNDDOWN((K12/750)+(F12/240)+(F12/240),"0") -> 35 | E12: =AVERAGEIF($D:$D,">0") -> 32.083333 | F12: =SUMIFS('OEE AHV'!M:M,'OEE AHV'!$B:$B,'AHV-02'!$A12,'OEE AHV'!$D:$D,'AHV-02'!$A$1) -> 1331.0729 | G12: =ROUNDUP((1400-F12)-(F12*0.5%),"0") -> 63 | H12: =IFERROR(IF(AND(F12="",G12="")=TRUE,"",F12/(1440-G12)),"") -> 0.966647 | I12: =I11 -> 0.95 | K12: =SUMIFS('OEE AHV'!Q:Q,'OEE AHV'!$B:$B,'AHV-02'!$A12,'OEE AHV'!$D:$D,'AHV-02'!$A$1) -> 18416 | L12: =IF(AND(J12="",K12="")=TRUE,"",IF(OR(J12="MMS",K12="MMS")=TRUE,"",IFERROR(K12/((F12*60)/J12),1))) -> 1 | M12: =M11 -> 0.99 | N12: - | O12: =IF(N12="","",IF(N12="MMS","",IFERROR((K12-N12)/K12,1))) -> 1 | P12: =P11 -> 1 | Q12: =IFERROR(IF(AND(H12="",L12="",O12="")=TRUE,"",IF(H12="",1,H12)*IF(L12="",1,L12)*IF(O12="",1,O12)),"") -> 0.966647 | R12: =IFERROR(IF(AND(I12="",M12="",P12="")=TRUE,"",IF(I12="",1,I12)*IF(M12="",1,M12)*IF(P12="",1,P12)),"") -> 0.9405 | S12: =ROUNDUP((('AHV-02'!$F12/480)/3),"0") -> 1 | T12: =IFERROR(K12/S12,"") -> 18416 | U12: =U11 -> FY2025_MLS_Spindle Motor_Spindle Motor(FDB UNIT)_Bang Pa-in
A13: 46066 | B13: =SUMIFS('OEE AHV'!J:J,'OEE AHV'!$B:$B,'AHV-02'!$A13,'OEE AHV'!$D:$D,'AHV-02'!$A$1) -> 111.27409 | C13: =AVERAGEIF($B:$B,">0") -> 102.92437 | D13: =ROUNDDOWN((K13/750)+(F13/240)+(F13/240),"0") -> 36 | E13: =AVERAGEIF($D:$D,">0") -> 32.083333 | F13: =SUMIFS('OEE AHV'!M:M,'OEE AHV'!$B:$B,'AHV-02'!$A13,'OEE AHV'!$D:$D,'AHV-02'!$A$1) -> 1314.7259 | G13: =ROUNDUP((1400-F13)-(F13*0.5%),"0") -> 79 | H13: =IFERROR(IF(AND(F13="",G13="")=TRUE,"",F13/(1440-G13)),"") -> 0.96599993 | I13: =I12 -> 0.95 | K13: =SUMIFS('OEE AHV'!Q:Q,'OEE AHV'!$B:$B,'AHV-02'!$A13,'OEE AHV'!$D:$D,'AHV-02'!$A$1) -> 18931 | L13: =IF(AND(J13="",K13="")=TRUE,"",IF(OR(J13="MMS",K13="MMS")=TRUE,"",IFERROR(K13/((F13*60)/J13),1))) -> 1 | M13: =M12 -> 0.99 | N13: - | O13: =IF(N13="","",IF(N13="MMS","",IFERROR((K13-N13)/K13,1))) -> 1 | P13: =P12 -> 1 | Q13: =IFERROR(IF(AND(H13="",L13="",O13="")=TRUE,"",IF(H13="",1,H13)*IF(L13="",1,L13)*IF(O13="",1,O13)),"") -> 0.96599993 | R13: =IFERROR(IF(AND(I13="",M13="",P13="")=TRUE,"",IF(I13="",1,I13)*IF(M13="",1,M13)*IF(P13="",1,P13)),"") -> 0.9405 | S13: =ROUNDUP((('AHV-02'!$F13/480)/3),"0") -> 1 | T13: =IFERROR(K13/S13,"") -> 18931 | U13: =U12 -> FY2025_MLS_Spindle Motor_Spindle Motor(FDB UNIT)_Bang Pa-in
A14: 46067 | B14: =SUMIFS('OEE AHV'!J:J,'OEE AHV'!$B:$B,'AHV-02'!$A14,'OEE AHV'!$D:$D,'AHV-02'!$A$1) -> 111.31055 | C14: =AVERAGEIF($B:$B,">0") -> 102.92437 | D14: =ROUNDDOWN((K14/750)+(F14/240)+(F14/240),"0") -> 36 | E14: =AVERAGEIF($D:$D,">0") -> 32.083333 | F14: =SUMIFS('OEE AHV'!M:M,'OEE AHV'!$B:$B,'AHV-02'!$A14,'OEE AHV'!$D:$D,'AHV-02'!$A$1) -> 1309.6895 | G14: =ROUNDUP((1400-F14)-(F14*0.5%),"0") -> 84 | H14: =IFERROR(IF(AND(F14="",G14="")=TRUE,"",F14/(1440-G14)),"") -> 0.96584768 | I14: =I13 -> 0.95 | K14: =SUMIFS('OEE AHV'!Q:Q,'OEE AHV'!$B:$B,'AHV-02'!$A14,'OEE AHV'!$D:$D,'AHV-02'!$A$1) -> 18939 | L14: =IF(AND(J14="",K14="")=TRUE,"",IF(OR(J14="MMS",K14="MMS")=TRUE,"",IFERROR(K14/((F14*60)/J14),1))) -> 1 | M14: =M13 -> 0.99 | N14: - | O14: =IF(N14="","",IF(N14="MMS","",IFERROR((K14-N14)/K14,1))) -> 1 | P14: =P13 -> 1 | Q14: =IFERROR(IF(AND(H14="",L14="",O14="")=TRUE,"",IF(H14="",1,H14)*IF(L14="",1,L14)*IF(O14="",1,O14)),"") -> 0.96584768 | R14: =IFERROR(IF(AND(I14="",M14="",P14="")=TRUE,"",IF(I14="",1,I14)*IF(M14="",1,M14)*IF(P14="",1,P14)),"") -> 0.9405 | S14: =ROUNDUP((('AHV-02'!$F14/480)/3),"0") -> 1 | T14: =IFERROR(K14/S14,"") -> 18939 | U14: =U13 -> FY2025_MLS_Spindle Motor_Spindle Motor(FDB UNIT)_Bang Pa-in
... A25: 46080 | B25: =SUMIFS('OEE AHV'!J:J,'OEE AHV'!$B:$B,'AHV-02'!$A25,'OEE AHV'!$D:$D,'AHV-02'!$A$1) -> 104.26042 | C25: =AVERAGEIF($B:$B,">0") -> 102.92437 | D25: =ROUNDDOWN((K25/750)+(F25/240)+(F25/240),"0") -> 33 | E25: =AVERAGEIF($D:$D,">0") -> 32.083333 | F25: =SUMIFS('OEE AHV'!M:M,'OEE AHV'!$B:$B,'AHV-02'!$A25,'OEE AHV'!$D:$D,'AHV-02'!$A$1) -> 1197.7396 | G25: =ROUNDUP((1400-F25)-(F25*0.5%),"0") -> 197 | H25: =IFERROR(IF(AND(F25="",G25="")=TRUE,"",F25/(1440-G25)),"") -> 0.96358776 | I25: =I24 -> 0.95 | K25: =SUMIFS('OEE AHV'!Q:Q,'OEE AHV'!$B:$B,'AHV-02'!$A25,'OEE AHV'!$D:$D,'AHV-02'!$A$1) -> 17392 | L25: =IF(AND(J25="",K25="")=TRUE,"",IF(OR(J25="MMS",K25="MMS")=TRUE,"",IFERROR(K25/((F25*60)/J25),1))) -> 1 | M25: =M24 -> 0.99 | N25: - | O25: =IF(N25="","",IF(N25="MMS","",IFERROR((K25-N25)/K25,1))) -> 1 | P25: =P24 -> 1 | Q25: =IFERROR(IF(AND(H25="",L25="",O25="")=TRUE,"",IF(H25="",1,H25)*IF(L25="",1,L25)*IF(O25="",1,O25)),"") -> 0.96358776 | R25: =IFERROR(IF(AND(I25="",M25="",P25="")=TRUE,"",IF(I25="",1,I25)*IF(M25="",1,M25)*IF(P25="",1,P25)),"") -> 0.9405 | S25: =ROUNDUP((('AHV-02'!$F25/480)/3),"0") -> 1 | T25: =IFERROR(K25/S25,"") -> 17392 | U25: =U24 -> FY2025_MLS_Spindle Motor_Spindle Motor(FDB UNIT)_Bang Pa-in

Sheet AHV-03
A1: AHV-03 | B1: Choko tei Duration[min] /day | C1: Target Choko tei Duration[min] /day | D1: Choko tei Count /day | E1: Target Choko tei Count /day | F1: Run[min] /day | G1: Plan Stop[min] /day | H1: Availability[%] | I1: Target Availability[%] | J1: Target Cycletime[s] | K1: Production Q'ty /day | L1: Performance[%] | M1: Target Performance[%] | N1: 1st NG Q'ty /day | O1: Quality[%] | P1: Target Quality[%] | Q1: OEE[%] | R1: Target OEE[%] | S1: Man Power /day | T1: Productivity | U1: file_name
A2: 46055 | B2: =SUMIFS('OEE AHV'!J:J,'OEE AHV'!$B:$B,'AHV-03'!$A2,'OEE AHV'!$D:$D,'AHV-03'!$A$1) -> 106.60286 | C2: =AVERAGEIF($B:$B,">0") -> 101.34888 | D2: =ROUNDDOWN((K2/750)+(F2/240)+(F2/240),"0") -> 34 | E2: =AVERAGEIF($D:$D,">0") -> 31.5 | F2: =SUMIFS('OEE AHV'!M:M,'OEE AHV'!$B:$B,'AHV-03'!$A2,'OEE AHV'!$D:$D,'AHV-03'!$A$1) -> 1263.3971 | G2: =ROUNDUP((1400-F2)-(F2*0.5%),"0") -> 131 | H2: =IFERROR(IF(AND(F2="",G2="")=TRUE,"",F2/(1440-G2)),"") -> 0.96516206 | I2: =95% -> 0.95 | K2: =SUMIFS('OEE AHV'!Q:Q,'OEE AHV'!$B:$B,'AHV-03'!$A2,'OEE AHV'!$D:$D,'AHV-03'!$A$1) -> 17906 | L2: =IF(AND(J2="",K2="")=TRUE,"",IF(OR(J2="MMS",K2="MMS")=TRUE,"",IFERROR(K2/((F2*60)/J2),1))) -> 1 | M2: =99% -> 0.99 | N2: - | O2: =IF(N2="","",IF(N2="MMS","",IFERROR((K2-N2)/K2,1))) -> 1 | P2: =100% -> 1 | Q2: =IFERROR(IF(AND(H2="",L2="",O2="")=TRUE,"",IF(H2="",1,H2)*IF(L2="",1,L2)*IF(O2="",1,O2)),"") -> 0.96516206 | R2: =IFERROR(IF(AND(I2="",M2="",P2="")=TRUE,"",IF(I2="",1,I2)*IF(M2="",1,M2)*IF(P2="",1,P2)),"") -> 0.9405 | S2: =ROUNDUP((('AHV-03'!$F2/480)/3),"0") -> 1 | T2: =IFERROR(K2/S2,"") -> 17906 | U2: FY2025_MLS_Spindle Motor_Spindle Motor(FDB UNIT)_Bang Pa-in
A3: 46056 | B3: =SUMIFS('OEE AHV'!J:J,'OEE AHV'!$B:$B,'AHV-03'!$A3,'OEE AHV'!$D:$D,'AHV-03'!$A$1) -> 111.2832 | C3: =AVERAGEIF($B:$B,">0") -> 101.34888 | D3: =ROUNDDOWN((K3/750)+(F3/240)+(F3/240),"0") -> 36 | E3: =AVERAGEIF($D:$D,">0") -> 31.5 | F3: =SUMIFS('OEE AHV'!M:M,'OEE AHV'!$B:$B,'AHV-03'!$A3,'OEE AHV'!$D:$D,'AHV-03'!$A$1) -> 1308.7168 | G3: =ROUNDUP((1400-F3)-(F3*0.5%),"0") -> 85 | H3: =IFERROR(IF(AND(F3="",G3="")=TRUE,"",F3/(1440-G3)),"") -> 0.96584265 | I3: =I2 -> 0.95 | K3: =SUMIFS('OEE AHV'!Q:Q,'OEE AHV'!$B:$B,'AHV-03'!$A3,'OEE AHV'!$D:$D,'AHV-03'!$A$1) -> 18933 | L3: =IF(AND(J3="",K3="")=TRUE,"",IF(OR(J3="MMS",K3="MMS")=TRUE,"",IFERROR(K3/((F3*60)/J3),1))) -> 1 | M3: =M2 -> 0.99 | N3: - | O3: =IF(N3="","",IF(N3="MMS","",IFERROR((K3-N3)/K3,1))) -> 1 | P3: =P2 -> 1 | Q3: =IFERROR(IF(AND(H3="",L3="",O3="")=TRUE,"",IF(H3="",1,H3)*IF(L3="",1,L3)*IF(O3="",1,O3)),"") -> 0.96584265 | R3: =IFERROR(IF(AND(I3="",M3="",P3="")=TRUE,"",IF(I3="",1,I3)*IF(M3="",1,M3)*IF(P3="",1,P3)),"") -> 0.9405 | S3: =ROUNDUP((('AHV-03'!$F3/480)/3),"0") -> 1 | T3: =IFERROR(K3/S3,"") -> 18933 | U3: =U2 -> FY2025_MLS_Spindle Motor_Spindle Motor(FDB UNIT)_Bang Pa-in
A4: 46057 | B4: =SUMIFS('OEE AHV'!J:J,'OEE AHV'!$B:$B,'AHV-03'!$A4,'OEE AHV'!$D:$D,'AHV-03'!$A$1) -> 104.28776 | C4: =AVERAGEIF($B:$B,">0") -> 101.34888 | D4: =ROUNDDOWN((K4/750)+(F4/240)+(F4/240),"0") -> 32 | E4: =AVERAGEIF($D:$D,">0") -> 31.5 | F4: =SUMIFS('OEE AHV'!M:M,'OEE AHV'!$B:$B,'AHV-03'!$A4,'OEE AHV'!$D:$D,'AHV-03'!$A$1) -> 1135.7122 | G4: =ROUNDUP((1400-F4)-(F4*0.5%),"0") -> 259 | H4: =IFERROR(IF(AND(F4="",G4="")=TRUE,"",F4/(1440-G4)),"") -> 0.96165304 | I4: =I3 -> 0.95 | K4: =SUMIFS('OEE AHV'!Q:Q,'OEE AHV'!$B:$B,'AHV-03'!$A4,'OEE AHV'!$D:$D,'AHV-03'!$A$1) -> 17398 | L4: =IF(AND(J4="",K4="")=TRUE,"",IF(OR(J4="MMS",K4="MMS")=TRUE,"",IFERROR(K4/((F4*60)/J4),1))) -> 1 | M4: =M3 -> 0.99 | N4: - | O4: =IF(N4="","",IF(N4="MMS","",IFERROR((K4-N4)/K4,1))) -> 1 | P4: =P3 -> 1 | Q4: =IFERROR(IF(AND(H4="",L4="",O4="")=TRUE,"",IF(H4="",1,H4)*IF(L4="",1,L4)*IF(O4="",1,O4)),"") -> 0.96165304 | R4: =IFERROR(IF(AND(I4="",M4="",P4="")=TRUE,"",IF(I4="",1,I4)*IF(M4="",1,M4)*IF(P4="",1,P4)),"") -> 0.9405 | S4: =ROUNDUP((('AHV-03'!$F4/480)/3),"0") -> 1 | T4: =IFERROR(K4/S4,"") -> 17398 | U4: =U3 -> FY2025_MLS_Spindle Motor_Spindle Motor(FDB UNIT)_Bang Pa-in
A5: 46058 | B5: =SUMIFS('OEE AHV'!J:J,'OEE AHV'!$B:$B,'AHV-03'!$A5,'OEE AHV'!$D:$D,'AHV-03'!$A$1) -> 108.98177 | C5: =AVERAGEIF($B:$B,">0") -> 101.34888 | D5: =ROUNDDOWN((K5/750)+(F5/240)+(F5/240),"0") -> 35 | E5: =AVERAGEIF($D:$D,">0") -> 31.5 | F5: =SUMIFS('OEE AHV'!M:M,'OEE AHV'!$B:$B,'AHV-03'!$A5,'OEE AHV'!$D:$D,'AHV-03'!$A$1) -> 1286.0182 | G5: =ROUNDUP((1400-F5)-(F5*0.5%),"0") -> 108 | H5: =IFERROR(IF(AND(F5="",G5="")=TRUE,"",F5/(1440-G5)),"") -> 0.96547915 | I5: =I4 -> 0.95 | K5: =SUMIFS('OEE AHV'!Q:Q,'OEE AHV'!$B:$B,'AHV-03'!$A5,'OEE AHV'!$D:$D,'AHV-03'!$A$1) -> 18428 | L5: =IF(AND(J5="",K5="")=TRUE,"",IF(OR(J5="MMS",K5="MMS")=TRUE,"",IFERROR(K5/((F5*60)/J5),1))) -> 1 | M5: =M4 -> 0.99 | N5: - | O5: =IF(N5="","",IF(N5="MMS","",IFERROR((K5-N5)/K5,1))) -> 1 | P5: =P4 -> 1 | Q5: =IFERROR(IF(AND(H5="",L5="",O5="")=TRUE,"",IF(H5="",1,H5)*IF(L5="",1,L5)*IF(O5="",1,O5)),"") -> 0.96547915 | R5: =IFERROR(IF(AND(I5="",M5="",P5="")=TRUE,"",IF(I5="",1,I5)*IF(M5="",1,M5)*IF(P5="",1,P5)),"") -> 0.9405 | S5: =ROUNDUP((('AHV-03'!$F5/480)/3),"0") -> 1 | T5: =IFERROR(K5/S5,"") -> 18428 | U5: =U4 -> FY2025_MLS_Spindle Motor_Spindle Motor(FDB UNIT)_Bang Pa-in
A6: 46059 | B6: =SUMIFS('OEE AHV'!J:J,'OEE AHV'!$B:$B,'AHV-03'!$A6,'OEE AHV'!$D:$D,'AHV-03'!$A$1) -> 108.94987 | C6: =AVERAGEIF($B:$B,">0") -> 101.34888 | D6: =ROUNDDOWN((K6/750)+(F6/240)+(F6/240),"0") -> 35 | E6: =AVERAGEIF($D:$D,">0") -> 31.5 | F6: =SUMIFS('OEE AHV'!M:M,'OEE AHV'!$B:$B,'AHV-03'!$A6,'OEE AHV'!$D:$D,'AHV-03'!$A$1) -> 1331.0501 | G6: =ROUNDUP((1400-F6)-(F6*0.5%),"0") -> 63 | H6: =IFERROR(IF(AND(F6="",G6="")=TRUE,"",F6/(1440-G6)),"") -> 0.96663045 | I6: =I5 -> 0.95 | K6: =SUMIFS('OEE AHV'!Q:Q,'OEE AHV'!$B:$B,'AHV-03'!$A6,'OEE AHV'!$D:$D,'AHV-03'!$A$1) -> 18421 | L6: =IF(AND(J6="",K6="")=TRUE,"",IF(OR(J6="MMS",K6="MMS")=TRUE,"",IFERROR(K6/((F6*60)/J6),1))) -> 1 | M6: =M5 -> 0.99 | N6: - | O6: =IF(N6="","",IF(N6="MMS","",IFERROR((K6-N6)/K6,1))) -> 1 | P6: =P5 -> 1 | Q6: =IFERROR(IF(AND(H6="",L6="",O6="")=TRUE,"",IF(H6="",1,H6)*IF(L6="",1,L6)*IF(O6="",1,O6)),"") -> 0.96663045 | R6: =IFERROR(IF(AND(I6="",M6="",P6="")=TRUE,"",IF(I6="",1,I6)*IF(M6="",1,M6)*IF(P6="",1,P6)),"") -> 0.9405 | S6: =ROUNDUP((('AHV-03'!$F6/480)/3),"0") -> 1 | T6: =IFERROR(K6/S6,"") -> 18421 | U6: =U5 -> FY2025_MLS_Spindle Motor_Spindle Motor(FDB UNIT)_Bang Pa-in
A7: 46060 | B7: =SUMIFS('OEE AHV'!J:J,'OEE AHV'!$B:$B,'AHV-03'!$A7,'OEE AHV'!$D:$D,'AHV-03'!$A$1) -> 108.97721 | C7: =AVERAGEIF($B:$B,">0") -> 101.34888 | D7: =ROUNDDOWN((K7/750)+(F7/240)+(F7/240),"0") -> 34 | E7: =AVERAGEIF($D:$D,">0") -> 31.5 | F7: =SUMIFS('OEE AHV'!M:M,'OEE AHV'!$B:$B,'AHV-03'!$A7,'OEE AHV'!$D:$D,'AHV-03'!$A$1) -> 1206.0228 | G7: =ROUNDUP((1400-F7)-(F7*0.5%),"0") -> 188 | H7: =IFERROR(IF(AND(F7="",G7="")=TRUE,"",F7/(1440-G7)),"") -> 0.96327699 | I7: =I6 -> 0.95 | K7: =SUMIFS('OEE AHV'!Q:Q,'OEE AHV'!$B:$B,'AHV-03'!$A7,'OEE AHV'!$D:$D,'AHV-03'!$A$1) -> 18427 | L7: =IF(AND(J7="",K7="")=TRUE,"",IF(OR(J7="MMS",K7="MMS")=TRUE,"",IFERROR(K7/((F7*60)/J7),1))) -> 1 | M7: =M6 -> 0.99 | N7: - | O7: =IF(N7="","",IF(N7="MMS","",IFERROR((K7-N7)/K7,1))) -> 1 | P7: =P6 -> 1 | Q7: =IFERROR(IF(AND(H7="",L7="",O7="")=TRUE,"",IF(H7="",1,H7)*IF(L7="",1,L7)*IF(O7="",1,O7)),"") -> 0.96327699 | R7: =IFERROR(IF(AND(I7="",M7="",P7="")=TRUE,"",IF(I7="",1,I7)*IF(M7="",1,M7)*IF(P7="",1,P7)),"") -> 0.9405 | S7: =ROUNDUP((('AHV-03'!$F7/480)/3),"0") -> 1 | T7: =IFERROR(K7/S7,"") -> 18427 | U7: =U6 -> FY2025_MLS_Spindle Motor_Spindle Motor(FDB UNIT)_Bang Pa-in
A8: 46061 | B8: =SUMIFS('OEE AHV'!J:J,'OEE AHV'!$B:$B,'AHV-03'!$A8,'OEE AHV'!$D:$D,'AHV-03'!$A$1) -> 59.981771 | C8: =AVERAGEIF($B:$B,">0") -> 101.34888 | D8: =ROUNDDOWN((K8/750)+(F8/240)+(F8/240),"0") -> 15 | E8: =AVERAGEIF($D:$D,">0") -> 31.5 | F8: =SUMIFS('OEE AHV'!M:M,'OEE AHV'!$B:$B,'AHV-03'!$A8,'OEE AHV'!$D:$D,'AHV-03'!$A$1) -> 660.01823 | G8: =ROUNDUP((1400-F8)-(F8*0.5%),"0") -> 737 | H8: =IFERROR(IF(AND(F8="",G8="")=TRUE,"",F8/(1440-G8)),"") -> 0.9388595 | I8: =I7 -> 0.95 | K8: =SUMIFS('OEE AHV'!Q:Q,'OEE AHV'!$B:$B,'AHV-03'!$A8,'OEE AHV'!$D:$D,'AHV-03'!$A$1) -> 7676 | L8: =IF(AND(J8="",K8="")=TRUE,"",IF(OR(J8="MMS",K8="MMS")=TRUE,"",IFERROR(K8/((F8*60)/J8),1))) -> 1 | M8: =M7 -> 0.99 | N8: - | O8: =IF(N8="","",IF(N8="MMS","",IFERROR((K8-N8)/K8,1))) -> 1 | P8: =P7 -> 1 | Q8: =IFERROR(IF(AND(H8="",L8="",O8="")=TRUE,"",IF(H8="",1,H8)*IF(L8="",1,L8)*IF(O8="",1,O8)),"") -> 0.9388595 | R8: =IFERROR(IF(AND(I8="",M8="",P8="")=TRUE,"",IF(I8="",1,I8)*IF(M8="",1,M8)*IF(P8="",1,P8)),"") -> 0.9405 | S8: =ROUNDUP((('AHV-03'!$F8/480)/3),"0") -> 1 | T8: =IFERROR(K8/S8,"") -> 7676 | U8: =U7 -> FY2025_MLS_Spindle Motor_Spindle Motor(FDB UNIT)_Bang Pa-in
A9: 46062 | B9: =SUMIFS('OEE AHV'!J:J,'OEE AHV'!$B:$B,'AHV-03'!$A9,'OEE AHV'!$D:$D,'AHV-03'!$A$1) -> 104.27409 | C9: =AVERAGEIF($B:$B,">0") -> 101.34888 | D9: =ROUNDDOWN((K9/750)+(F9/240)+(F9/240),"0") -> 33 | E9: =AVERAGEIF($D:$D,">0") -> 31.5 | F9: =SUMIFS('OEE AHV'!M:M,'OEE AHV'!$B:$B,'AHV-03'!$A9,'OEE AHV'!$D:$D,'AHV-03'!$A$1) -> 1210.7259 | G9: =ROUNDUP((1400-F9)-(F9*0.5%),"0") -> 184 | H9: =IFERROR(IF(AND(F9="",G9="")=TRUE,"",F9/(1440-G9)),"") -> 0.96395375 | I9: =I8 -> 0.95 | K9: =SUMIFS('OEE AHV'!Q:Q,'OEE AHV'!$B:$B,'AHV-03'!$A9,'OEE AHV'!$D:$D,'AHV-03'!$A$1) -> 17395 | L9: =IF(AND(J9="",K9="")=TRUE,"",IF(OR(J9="MMS",K9="MMS")=TRUE,"",IFERROR(K9/((F9*60)/J9),1))) -> 1 | M9: =M8 -> 0.99 | N9: - | O9: =IF(N9="","",IF(N9="MMS","",IFERROR((K9-N9)/K9,1))) -> 1 | P9: =P8 -> 1 | Q9: =IFERROR(IF(AND(H9="",L9="",O9="")=TRUE,"",IF(H9="",1,H9)*IF(L9="",1,L9)*IF(O9="",1,O9)),"") -> 0.96395375 | R9: =IFERROR(IF(AND(I9="",M9="",P9="")=TRUE,"",IF(I9="",1,I9)*IF(M9="",1,M9)*IF(P9="",1,P9)),"") -> 0.9405 | S9: =ROUNDUP((('AHV-03'!$F9/480)/3),"0") -> 1 | T9: =IFERROR(K9/S9,"") -> 17395 | U9: =U8 -> FY2025_MLS_Spindle Motor_Spindle Motor(FDB UNIT)_Bang Pa-in
A10: 46063 | B10: =SUMIFS('OEE AHV'!J:J,'OEE AHV'!$B:$B,'AHV-03'!$A10,'OEE AHV'!$D:$D,'AHV-03'!$A$1) -> 99.580078 | C10: =AVERAGEIF($B:$B,">0") -> 101.34888 | D10: =ROUNDDOWN((K10/750)+(F10/240)+(F10/240),"0") -> 31 | E10: =AVERAGEIF($D:$D,">0") -> 31.5 | F10: =SUMIFS('OEE AHV'!M:M,'OEE AHV'!$B:$B,'AHV-03'!$A10,'OEE AHV'!$D:$D,'AHV-03'!$A$1) -> 1135.4199 | G10: =ROUNDUP((1400-F10)-(F10*0.5%),"0") -> 259 | H10: =IFERROR(IF(AND(F10="",G10="")=TRUE,"",F10/(1440-G10)),"") -> 0.96140552 | I10: =I9 -> 0.95 | K10: =SUMIFS('OEE AHV'!Q:Q,'OEE AHV'!$B:$B,'AHV-03'!$A10,'OEE AHV'!$D:$D,'AHV-03'!$A$1) -> 16365 | L10: =IF(AND(J10="",K10="")=TRUE,"",IF(OR(J10="MMS",K10="MMS")=TRUE,"",IFERROR(K10/((F10*60)/J10),1))) -> 1 | M10: =M9 -> 0.99 | N10: - | O10: =IF(N10="","",IF(N10="MMS","",IFERROR((K10-N10)/K10,1))) -> 1 | P10: =P9 -> 1 | Q10: =IFERROR(IF(AND(H10="",L10="",O10="")=TRUE,"",IF(H10="",1,H10)*IF(L10="",1,L10)*IF(O10="",1,O10)),"") -> 0.96140552 | R10: =IFERROR(IF(AND(I10="",M10="",P10="")=TRUE,"",IF(I10="",1,I10)*IF(M10="",1,M10)*IF(P10="",1,P10)),"") -> 0.9405 | S10: =ROUNDUP((('AHV-03'!$F10/480)/3),"0") -> 1 | T10: =IFERROR(K10/S10,"") -> 16365 | U10: =U9 -> FY2025_MLS_Spindle Motor_Spindle Motor(FDB UNIT)_Bang Pa-in
A11: 46064 | B11: =SUMIFS('OEE AHV'!J:J,'OEE AHV'!$B:$B,'AHV-03'!$A11,'OEE AHV'!$D:$D,'AHV-03'!$A$1) -> 104.1556 | C11: =AVERAGEIF($B:$B,">0") -> 101.34888 | D11: =ROUNDDOWN((K11/750)+(F11/240)+(F11/240),"0") -> 34 | E11: =AVERAGEIF($D:$D,">0") -> 31.5 | F11: =SUMIFS('OEE AHV'!M:M,'OEE AHV'!$B:$B,'AHV-03'!$A11,'OEE AHV'!$D:$D,'AHV-03'!$A$1) -> 1335.8444 | G11: =ROUNDUP((1400-F11)-(F11*0.5%),"0") -> 58 | H11: =IFERROR(IF(AND(F11="",G11="")=TRUE,"",F11/(1440-G11)),"") -> 0.96660232 | I11: =I10 -> 0.95 | K11: =SUMIFS('OEE AHV'!Q:Q,'OEE AHV'!$B:$B,'AHV-03'!$A11,'OEE AHV'!$D:$D,'AHV-03'!$A$1) -> 17369 | L11: =IF(AND(J11="",K11="")=TRUE,"",IF(OR(J11="MMS",K11="MMS")=TRUE,"",IFERROR(K11/((F11*60)/J11),1))) -> 1 | M11: =M10 -> 0.99 | N11: - | O11: =IF(N11="","",IF(N11="MMS","",IFERROR((K11-N11)/K11,1))) -> 1 | P11: =P10 -> 1 | Q11: =IFERROR(IF(AND(H11="",L11="",O11="")=TRUE,"",IF(H11="",1,H11)*IF(L11="",1,L11)*IF(O11="",1,O11)),"") -> 0.96660232 | R11: =IFERROR(IF(AND(I11="",M11="",P11="")=TRUE,"",IF(I11="",1,I11)*IF(M11="",1,M11)*IF(P11="",1,P11)),"") -> 0.9405 | S11: =ROUNDUP((('AHV-03'!$F11/480)/3),"0") -> 1 | T11: =IFERROR(K11/S11,"") -> 17369 | U11: =U10 -> FY2025_MLS_Spindle Motor_Spindle Motor(FDB UNIT)_Bang Pa-in
A12: 46065 | B12: =SUMIFS('OEE AHV'!J:J,'OEE AHV'!$B:$B,'AHV-03'!$A12,'OEE AHV'!$D:$D,'AHV-03'!$A$1) -> 101.91797 | C12: =AVERAGEIF($B:$B,">0") -> 101.34888 | D12: =ROUNDDOWN((K12/750)+(F12/240)+(F12/240),"0") -> 33 | E12: =AVERAGEIF($D:$D,">0") -> 31.5 | F12: =SUMIFS('OEE AHV'!M:M,'OEE AHV'!$B:$B,'AHV-03'!$A12,'OEE AHV'!$D:$D,'AHV-03'!$A$1) -> 1338.082 | G12: =ROUNDUP((1400-F12)-(F12*0.5%),"0") -> 56 | H12: =IFERROR(IF(AND(F12="",G12="")=TRUE,"",F12/(1440-G12)),"") -> 0.96682228 | I12: =I11 -> 0.95 | K12: =SUMIFS('OEE AHV'!Q:Q,'OEE AHV'!$B:$B,'AHV-03'!$A12,'OEE AHV'!$D:$D,'AHV-03'!$A$1) -> 16878 | L12: =IF(AND(J12="",K12="")=TRUE,"",IF(OR(J12="MMS",K12="MMS")=TRUE,"",IFERROR(K12/((F12*60)/J12),1))) -> 1 | M12: =M11 -> 0.99 | N12: - | O12: =IF(N12="","",IF(N12="MMS","",IFERROR((K12-N12)/K12,1))) -> 1 | P12: =P11 -> 1 | Q12: =IFERROR(IF(AND(H12="",L12="",O12="")=TRUE,"",IF(H12="",1,H12)*IF(L12="",1,L12)*IF(O12="",1,O12)),"") -> 0.96682228 | R12: =IFERROR(IF(AND(I12="",M12="",P12="")=TRUE,"",IF(I12="",1,I12)*IF(M12="",1,M12)*IF(P12="",1,P12)),"") -> 0.9405 | S12: =ROUNDUP((('AHV-03'!$F12/480)/3),"0") -> 1 | T12: =IFERROR(K12/S12,"") -> 16878 | U12: =U11 -> FY2025_MLS_Spindle Motor_Spindle Motor(FDB UNIT)_Bang Pa-in
A13: 46066 | B13: =SUMIFS('OEE AHV'!J:J,'OEE AHV'!$B:$B,'AHV-03'!$A13,'OEE AHV'!$D:$D,'AHV-03'!$A$1) -> 111.28776 | C13: =AVERAGEIF($B:$B,">0") -> 101.34888 | D13: =ROUNDDOWN((K13/750)+(F13/240)+(F13/240),"0") -> 36 | E13: =AVERAGEIF($D:$D,">0") -> 31.5 | F13: =SUMIFS('OEE AHV'!M:M,'OEE AHV'!$B:$B,'AHV-03'!$A13,'OEE AHV'!$D:$D,'AHV-03'!$A$1) -> 1290.7122 | G13: =ROUNDUP((1400-F13)-(F13*0.5%),"0") -> 103 | H13: =IFERROR(IF(AND(F13="",G13="")=TRUE,"",F13/(1440-G13)),"") -> 0.96537939 | I13: =I12 -> 0.95 | K13: =SUMIFS('OEE AHV'!Q:Q,'OEE AHV'!$B:$B,'AHV-03'!$A13,'OEE AHV'!$D:$D,'AHV-03'!$A$1) -> 18934 | L13: =IF(AND(J13="",K13="")=TRUE,"",IF(OR(J13="MMS",K13="MMS")=TRUE,"",IFERROR(K13/((F13*60)/J13),1))) -> 1 | M13: =M12 -> 0.99 | N13: - | O13: =IF(N13="","",IF(N13="MMS","",IFERROR((K13-N13)/K13,1))) -> 1 | P13: =P12 -> 1 | Q13: =IFERROR(IF(AND(H13="",L13="",O13="")=TRUE,"",IF(H13="",1,H13)*IF(L13="",1,L13)*IF(O13="",1,O13)),"") -> 0.96537939 | R13: =IFERROR(IF(AND(I13="",M13="",P13="")=TRUE,"",IF(I13="",1,I13)*IF(M13="",1,M13)*IF(P13="",1,P13)),"") -> 0.9405 | S13: =ROUNDUP((('AHV-03'!$F13/480)/3),"0") -> 1 | T13: =IFERROR(K13/S13,"") -> 18934 | U13: =U12 -> FY2025_MLS_Spindle Motor_Spindle Motor(FDB UNIT)_Bang Pa-in
A14: 46067 | B14: =SUMIFS('OEE AHV'!J:J,'OEE AHV'!$B:$B,'AHV-03'!$A14,'OEE AHV'!$D:$D,'AHV-03'!$A$1) -> 71.557292 | C14: =AVERAGEIF($B:$B,">0") -> 101.34888 | D14: =ROUNDDOWN((K14/750)+(F14/240)+(F14/240),"0") -> 19 | E14: =AVERAGEIF($D:$D,">0") -> 31.5 | F14: =SUMIFS('OEE AHV'!M:M,'OEE AHV'!$B:$B,'AHV-03'!$A14,'OEE AHV'!$D:$D,'AHV-03'!$A$1) -> 655.44271 | G14: =ROUNDUP((1400-F14)-(F14*0.5%),"0") -> 742 | H14: =IFERROR(IF(AND(F14="",G14="")=TRUE,"",F14/(1440-G14)),"") -> 0.93902967 | I14: =I13 -> 0.95 | K14: =SUMIFS('OEE AHV'!Q:Q,'OEE AHV'!$B:$B,'AHV-03'!$A14,'OEE AHV'!$D:$D,'AHV-03'!$A$1) -> 10216 | L14: =IF(AND(J14="",K14="")=TRUE,"",IF(OR(J14="MMS",K14="MMS")=TRUE,"",IFERROR(K14/((F14*60)/J14),1))) -> 1 | M14: =M13 -> 0.99 | N14: - | O14: =IF(N14="","",IF(N14="MMS","",IFERROR((K14-N14)/K14,1))) -> 1 | P14: =P13 -> 1 | Q14: =IFERROR(IF(AND(H14="",L14="",O14="")=TRUE,"",IF(H14="",1,H14)*IF(L14="",1,L14)*IF(O14="",1,O14)),"") -> 0.93902967 | R14: =IFERROR(IF(AND(I14="",M14="",P14="")=TRUE,"",IF(I14="",1,I14)*IF(M14="",1,M14)*IF(P14="",1,P14)),"") -> 0.9405 | S14: =ROUNDUP((('AHV-03'!$F14/480)/3),"0") -> 1 | T14: =IFERROR(K14/S14,"") -> 10216 | U14: =U13 -> FY2025_MLS_Spindle Motor_Spindle Motor(FDB UNIT)_Bang Pa-in
... A25: 46080 | B25: =SUMIFS('OEE AHV'!J:J,'OEE AHV'!$B:$B,'AHV-03'!$A25,'OEE AHV'!$D:$D,'AHV-03'!$A$1) -> 113.58008 | C25: =AVERAGEIF($B:$B,">0") -> 101.34888 | D25: =ROUNDDOWN((K25/750)+(F25/240)+(F25/240),"0") -> 36 | E25: =AVERAGEIF($D:$D,">0") -> 31.5 | F25: =SUMIFS('OEE AHV'!M:M,'OEE AHV'!$B:$B,'AHV-03'!$A25,'OEE AHV'!$D:$D,'AHV-03'!$A$1) -> 1326.4199 | G25: =ROUNDUP((1400-F25)-(F25*0.5%),"0") -> 67 | H25: =IFERROR(IF(AND(F25="",G25="")=TRUE,"",F25/(1440-G25)),"") -> 0.96607423 | I25: =I24 -> 0.95 | K25: =SUMIFS('OEE AHV'!Q:Q,'OEE AHV'!$B:$B,'AHV-03'!$A25,'OEE AHV'!$D:$D,'AHV-03'!$A$1) -> 19437 | L25: =IF(AND(J25="",K25="")=TRUE,"",IF(OR(J25="MMS",K25="MMS")=TRUE,"",IFERROR(K25/((F25*60)/J25),1))) -> 1 | M25: =M24 -> 0.99 | N25: - | O25: =IF(N25="","",IF(N25="MMS","",IFERROR((K25-N25)/K25,1))) -> 1 | P25: =P24 -> 1 | Q25: =IFERROR(IF(AND(H25="",L25="",O25="")=TRUE,"",IF(H25="",1,H25)*IF(L25="",1,L25)*IF(O25="",1,O25)),"") -> 0.96607423 | R25: =IFERROR(IF(AND(I25="",M25="",P25="")=TRUE,"",IF(I25="",1,I25)*IF(M25="",1,M25)*IF(P25="",1,P25)),"") -> 0.9405 | S25: =ROUNDUP((('AHV-03'!$F25/480)/3),"0") -> 1 | T25: =IFERROR(K25/S25,"") -> 19437 | U25: =U24 -> FY2025_MLS_Spindle Motor_Spindle Motor(FDB UNIT)_Bang Pa-in

Sheet AHV-04
A1: AHV-04 | B1: Choko tei Duration[min] /day | C1: Target Choko tei Duration[min] /day | D1: Choko tei Count /day | E1: Target Choko tei Count /day | F1: Run[min] /day | G1: Plan Stop[min] /day | H1: Availability[%] | I1: Target Availability[%] | J1: Target Cycletime[s] | K1: Production Q'ty /day | L1: Performance[%] | M1: Target Performance[%] | N1: 1st NG Q'ty /day | O1: Quality[%] | P1: Target Quality[%] | Q1: OEE[%] | R1: Target OEE[%] | S1: Man Power /day | T1: Productivity | U1: file_name
A2: 46055 | B2: =SUMIFS('OEE AHV'!J:J,'OEE AHV'!$B:$B,'AHV-04'!$A2,'OEE AHV'!$D:$D,'AHV-04'!$A$1) -> 97.278646 | C2: =AVERAGEIF($B:$B,">0") -> 105.43012 | D2: =ROUNDDOWN((K2/750)+(F2/240)+(F2/240),"0") -> 30 | E2: =AVERAGEIF($D:$D,">0") -> 33.291667 | F2: =SUMIFS('OEE AHV'!M:M,'OEE AHV'!$B:$B,'AHV-04'!$A2,'OEE AHV'!$D:$D,'AHV-04'!$A$1) -> 1140.7214 | G2: =ROUNDUP((1400-F2)-(F2*0.5%),"0") -> 254 | H2: =IFERROR(IF(AND(F2="",G2="")=TRUE,"",F2/(1440-G2)),"") -> 0.96182239 | I2: =95% -> 0.95 | K2: =SUMIFS('OEE AHV'!Q:Q,'OEE AHV'!$B:$B,'AHV-04'!$A2,'OEE AHV'!$D:$D,'AHV-04'!$A$1) -> 15860 | L2: =IF(AND(J2="",K2="")=TRUE,"",IF(OR(J2="MMS",K2="MMS")=TRUE,"",IFERROR(K2/((F2*60)/J2),1))) -> 1 | M2: =99% -> 0.99 | N2: - | O2: =IF(N2="","",IF(N2="MMS","",IFERROR((K2-N2)/K2,1))) -> 1 | P2: =100% -> 1 | Q2: =IFERROR(IF(AND(H2="",L2="",O2="")=TRUE,"",IF(H2="",1,H2)*IF(L2="",1,L2)*IF(O2="",1,O2)),"") -> 0.96182239 | R2: =IFERROR(IF(AND(I2="",M2="",P2="")=TRUE,"",IF(I2="",1,I2)*IF(M2="",1,M2)*IF(P2="",1,P2)),"") -> 0.9405 | S2: =ROUNDUP((('AHV-04'!$F2/480)/3),"0") -> 1 | T2: =IFERROR(K2/S2,"") -> 15860 | U2: FY2025_MLS_Spindle Motor_Spindle Motor(FDB UNIT)_Bang Pa-in
A3: 46056 | B3: =SUMIFS('OEE AHV'!J:J,'OEE AHV'!$B:$B,'AHV-04'!$A3,'OEE AHV'!$D:$D,'AHV-04'!$A$1) -> 108.91341 | C3: =AVERAGEIF($B:$B,">0") -> 105.43012 | D3: =ROUNDDOWN((K3/750)+(F3/240)+(F3/240),"0") -> 35 | E3: =AVERAGEIF($D:$D,">0") -> 33.291667 | F3: =SUMIFS('OEE AHV'!M:M,'OEE AHV'!$B:$B,'AHV-04'!$A3,'OEE AHV'!$D:$D,'AHV-04'!$A$1) -> 1323.0866 | G3: =ROUNDUP((1400-F3)-(F3*0.5%),"0") -> 71 | H3: =IFERROR(IF(AND(F3="",G3="")=TRUE,"",F3/(1440-G3)),"") -> 0.96646208 | I3: =I2 -> 0.95 | K3: =SUMIFS('OEE AHV'!Q:Q,'OEE AHV'!$B:$B,'AHV-04'!$A3,'OEE AHV'!$D:$D,'AHV-04'!$A$1) -> 18413 | L3: =IF(AND(J3="",K3="")=TRUE,"",IF(OR(J3="MMS",K3="MMS")=TRUE,"",IFERROR(K3/((F3*60)/J3),1))) -> 1 | M3: =M2 -> 0.99 | N3: - | O3: =IF(N3="","",IF(N3="MMS","",IFERROR((K3-N3)/K3,1))) -> 1 | P3: =P2 -> 1 | Q3: =IFERROR(IF(AND(H3="",L3="",O3="")=TRUE,"",IF(H3="",1,H3)*IF(L3="",1,L3)*IF(O3="",1,O3)),"") -> 0.96646208 | R3: =IFERROR(IF(AND(I3="",M3="",P3="")=TRUE,"",IF(I3="",1,I3)*IF(M3="",1,M3)*IF(P3="",1,P3)),"") -> 0.9405 | S3: =ROUNDUP((('AHV-04'!$F3/480)/3),"0") -> 1 | T3: =IFERROR(K3/S3,"") -> 18413 | U3: =U2 -> FY2025_MLS_Spindle Motor_Spindle Motor(FDB UNIT)_Bang Pa-in
A4: 46057 | B4: =SUMIFS('OEE AHV'!J:J,'OEE AHV'!$B:$B,'AHV-04'!$A4,'OEE AHV'!$D:$D,'AHV-04'!$A$1) -> 104.26953 | C4: =AVERAGEIF($B:$B,">0") -> 105.43012 | D4: =ROUNDDOWN((K4/750)+(F4/240)+(F4/240),"0") -> 33 | E4: =AVERAGEIF($D:$D,">0") -> 33.291667 | F4: =SUMIFS('OEE AHV'!M:M,'OEE AHV'!$B:$B,'AHV-04'!$A4,'OEE AHV'!$D:$D,'AHV-04'!$A$1) -> 1230.7305 | G4: =ROUNDUP((1400-F4)-(F4*0.5%),"0") -> 164 | H4: =IFERROR(IF(AND(F4="",G4="")=TRUE,"",F4/(1440-G4)),"") -> 0.96452231 | I4: =I3 -> 0.95 | K4: =SUMIFS('OEE AHV'!Q:Q,'OEE AHV'!$B:$B,'AHV-04'!$A4,'OEE AHV'!$D:$D,'AHV-04'!$A$1) -> 17394 | L4: =IF(AND(J4="",K4="")=TRUE,"",IF(OR(J4="MMS",K4="MMS")=TRUE,"",IFERROR(K4/((F4*60)/J4),1))) -> 1 | M4: =M3 -> 0.99 | N4: - | O4: =IF(N4="","",IF(N4="MMS","",IFERROR((K4-N4)/K4,1))) -> 1 | P4: =P3 -> 1 | Q4: =IFERROR(IF(AND(H4="",L4="",O4="")=TRUE,"",IF(H4="",1,H4)*IF(L4="",1,L4)*IF(O4="",1,O4)),"") -> 0.96452231 | R4: =IFERROR(IF(AND(I4="",M4="",P4="")=TRUE,"",IF(I4="",1,I4)*IF(M4="",1,M4)*IF(P4="",1,P4)),"") -> 0.9405 | S4: =ROUNDUP((('AHV-04'!$F4/480)/3),"0") -> 1 | T4: =IFERROR(K4/S4,"") -> 17394 | U4: =U3 -> FY2025_MLS_Spindle Motor_Spindle Motor(FDB UNIT)_Bang Pa-in
A5: 46058 | B5: =SUMIFS('OEE AHV'!J:J,'OEE AHV'!$B:$B,'AHV-04'!$A5,'OEE AHV'!$D:$D,'AHV-04'!$A$1) -> 99.607422 | C5: =AVERAGEIF($B:$B,">0") -> 105.43012 | D5: =ROUNDDOWN((K5/750)+(F5/240)+(F5/240),"0") -> 31 | E5: =AVERAGEIF($D:$D,">0") -> 33.291667 | F5: =SUMIFS('OEE AHV'!M:M,'OEE AHV'!$B:$B,'AHV-04'!$A5,'OEE AHV'!$D:$D,'AHV-04'!$A$1) -> 1129.3926 | G5: =ROUNDUP((1400-F5)-(F5*0.5%),"0") -> 265 | H5: =IFERROR(IF(AND(F5="",G5="")=TRUE,"",F5/(1440-G5)),"") -> 0.96118517 | I5: =I4 -> 0.95 | K5: =SUMIFS('OEE AHV'!Q:Q,'OEE AHV'!$B:$B,'AHV-04'!$A5,'OEE AHV'!$D:$D,'AHV-04'!$A$1) -> 16371 | L5: =IF(AND(J5="",K5="")=TRUE,"",IF(OR(J5="MMS",K5="MMS")=TRUE,"",IFERROR(K5/((F5*60)/J5),1))) -> 1 | M5: =M4 -> 0.99 | N5: - | O5: =IF(N5="","",IF(N5="MMS","",IFERROR((K5-N5)/K5,1))) -> 1 | P5: =P4 -> 1 | Q5: =IFERROR(IF(AND(H5="",L5="",O5="")=TRUE,"",IF(H5="",1,H5)*IF(L5="",1,L5)*IF(O5="",1,O5)),"") -> 0.96118517 | R5: =IFERROR(IF(AND(I5="",M5="",P5="")=TRUE,"",IF(I5="",1,I5)*IF(M5="",1,M5)*IF(P5="",1,P5)),"") -> 0.9405 | S5: =ROUNDUP((('AHV-04'!$F5/480)/3),"0") -> 1 | T5: =IFERROR(K5/S5,"") -> 16371 | U5: =U4 -> FY2025_MLS_Spindle Motor_Spindle Motor(FDB UNIT)_Bang Pa-in
A6: 46059 | B6: =SUMIFS('OEE AHV'!J:J,'OEE AHV'!$B:$B,'AHV-04'!$A6,'OEE AHV'!$D:$D,'AHV-04'!$A$1) -> 101.96354 | C6: =AVERAGEIF($B:$B,">0") -> 105.43012 | D6: =ROUNDDOWN((K6/750)+(F6/240)+(F6/240),"0") -> 31 | E6: =AVERAGEIF($D:$D,">0") -> 33.291667 | F6: =SUMIFS('OEE AHV'!M:M,'OEE AHV'!$B:$B,'AHV-04'!$A6,'OEE AHV'!$D:$D,'AHV-04'!$A$1) -> 1067.0365 | G6: =ROUNDUP((1400-F6)-(F6*0.5%),"0") -> 328 | H6: =IFERROR(IF(AND(F6="",G6="")=TRUE,"",F6/(1440-G6)),"") -> 0.95956516 | I6: =I5 -> 0.95 | K6: =SUMIFS('OEE AHV'!Q:Q,'OEE AHV'!$B:$B,'AHV-04'!$A6,'OEE AHV'!$D:$D,'AHV-04'!$A$1) -> 16888 | L6: =IF(AND(J6="",K6="")=TRUE,"",IF(OR(J6="MMS",K6="MMS")=TRUE,"",IFERROR(K6/((F6*60)/J6),1))) -> 1 | M6: =M5 -> 0.99 | N6: - | O6: =IF(N6="","",IF(N6="MMS","",IFERROR((K6-N6)/K6,1))) -> 1 | P6: =P5 -> 1 | Q6: =IFERROR(IF(AND(H6="",L6="",O6="")=TRUE,"",IF(H6="",1,H6)*IF(L6="",1,L6)*IF(O6="",1,O6)),"") -> 0.95956516 | R6: =IFERROR(IF(AND(I6="",M6="",P6="")=TRUE,"",IF(I6="",1,I6)*IF(M6="",1,M6)*IF(P6="",1,P6)),"") -> 0.9405 | S6: =ROUNDUP((('AHV-04'!$F6/480)/3),"0") -> 1 | T6: =IFERROR(K6/S6,"") -> 16888 | U6: =U5 -> FY2025_MLS_Spindle Motor_Spindle Motor(FDB UNIT)_Bang Pa-in
A7: 46060 | B7: =SUMIFS('OEE AHV'!J:J,'OEE AHV'!$B:$B,'AHV-04'!$A7,'OEE AHV'!$D:$D,'AHV-04'!$A$1) -> 111.2513 | C7: =AVERAGEIF($B:$B,">0") -> 105.43012 | D7: =ROUNDDOWN((K7/750)+(F7/240)+(F7/240),"0") -> 36 | E7: =AVERAGEIF($D:$D,">0") -> 33.291667 | F7: =SUMIFS('OEE AHV'!M:M,'OEE AHV'!$B:$B,'AHV-04'!$A7,'OEE AHV'!$D:$D,'AHV-04'!$A$1) -> 1309.7487 | G7: =ROUNDUP((1400-F7)-(F7*0.5%),"0") -> 84 | H7: =IFERROR(IF(AND(F7="",G7="")=TRUE,"",F7/(1440-G7)),"") -> 0.96589137 | I7: =I6 -> 0.95 | K7: =SUMIFS('OEE AHV'!Q:Q,'OEE AHV'!$B:$B,'AHV-04'!$A7,'OEE AHV'!$D:$D,'AHV-04'!$A$1) -> 18926 | L7: =IF(AND(J7="",K7="")=TRUE,"",IF(OR(J7="MMS",K7="MMS")=TRUE,"",IFERROR(K7/((F7*60)/J7),1))) -> 1 | M7: =M6 -> 0.99 | N7: - | O7: =IF(N7="","",IF(N7="MMS","",IFERROR((K7-N7)/K7,1))) -> 1 | P7: =P6 -> 1 | Q7: =IFERROR(IF(AND(H7="",L7="",O7="")=TRUE,"",IF(H7="",1,H7)*IF(L7="",1,L7)*IF(O7="",1,O7)),"") -> 0.96589137 | R7: =IFERROR(IF(AND(I7="",M7="",P7="")=TRUE,"",IF(I7="",1,I7)*IF(M7="",1,M7)*IF(P7="",1,P7)),"") -> 0.9405 | S7: =ROUNDUP((('AHV-04'!$F7/480)/3),"0") -> 1 | T7: =IFERROR(K7/S7,"") -> 18926 | U7: =U6 -> FY2025_MLS_Spindle Motor_Spindle Motor(FDB UNIT)_Bang Pa-in
A8: 46061 | B8: =SUMIFS('OEE AHV'!J:J,'OEE AHV'!$B:$B,'AHV-04'!$A8,'OEE AHV'!$D:$D,'AHV-04'!$A$1) -> 62.296875 | C8: =AVERAGEIF($B:$B,">0") -> 105.43012 | D8: =ROUNDDOWN((K8/750)+(F8/240)+(F8/240),"0") -> 16 | E8: =AVERAGEIF($D:$D,">0") -> 33.291667 | F8: =SUMIFS('OEE AHV'!M:M,'OEE AHV'!$B:$B,'AHV-04'!$A8,'OEE AHV'!$D:$D,'AHV-04'!$A$1) -> 657.70312 | G8: =ROUNDUP((1400-F8)-(F8*0.5%),"0") -> 740 | H8: =IFERROR(IF(AND(F8="",G8="")=TRUE,"",F8/(1440-G8)),"") -> 0.93957589 | I8: =I7 -> 0.95 | K8: =SUMIFS('OEE AHV'!Q:Q,'OEE AHV'!$B:$B,'AHV-04'!$A8,'OEE AHV'!$D:$D,'AHV-04'!$A$1) -> 8184 | L8: =IF(AND(J8="",K8="")=TRUE,"",IF(OR(J8="MMS",K8="MMS")=TRUE,"",IFERROR(K8/((F8*60)/J8),1))) -> 1 | M8: =M7 -> 0.99 | N8: - | O8: =IF(N8="","",IF(N8="MMS","",IFERROR((K8-N8)/K8,1))) -> 1 | P8: =P7 -> 1 | Q8: =IFERROR(IF(AND(H8="",L8="",O8="")=TRUE,"",IF(H8="",1,H8)*IF(L8="",1,L8)*IF(O8="",1,O8)),"") -> 0.93957589 | R8: =IFERROR(IF(AND(I8="",M8="",P8="")=TRUE,"",IF(I8="",1,I8)*IF(M8="",1,M8)*IF(P8="",1,P8)),"") -> 0.9405 | S8: =ROUNDUP((('AHV-04'!$F8/480)/3),"0") -> 1 | T8: =IFERROR(K8/S8,"") -> 8184 | U8: =U7 -> FY2025_MLS_Spindle Motor_Spindle Motor(FDB UNIT)_Bang Pa-in
A9: 46062 | B9: =SUMIFS('OEE AHV'!J:J,'OEE AHV'!$B:$B,'AHV-04'!$A9,'OEE AHV'!$D:$D,'AHV-04'!$A$1) -> 101.95443 | C9: =AVERAGEIF($B:$B,">0") -> 105.43012 | D9: =ROUNDDOWN((K9/750)+(F9/240)+(F9/240),"0") -> 32 | E9: =AVERAGEIF($D:$D,">0") -> 33.291667 | F9: =SUMIFS('OEE AHV'!M:M,'OEE AHV'!$B:$B,'AHV-04'!$A9,'OEE AHV'!$D:$D,'AHV-04'!$A$1) -> 1188.0456 | G9: =ROUNDUP((1400-F9)-(F9*0.5%),"0") -> 207 | H9: =IFERROR(IF(AND(F9="",G9="")=TRUE,"",F9/(1440-G9)),"") -> 0.96354061 | I9: =I8 -> 0.95 | K9: =SUMIFS('OEE AHV'!Q:Q,'OEE AHV'!$B:$B,'AHV-04'!$A9,'OEE AHV'!$D:$D,'AHV-04'!$A$1) -> 16886 | L9: =IF(AND(J9="",K9="")=TRUE,"",IF(OR(J9="MMS",K9="MMS")=TRUE,"",IFERROR(K9/((F9*60)/J9),1))) -> 1 | M9: =M8 -> 0.99 | N9: - | O9: =IF(N9="","",IF(N9="MMS","",IFERROR((K9-N9)/K9,1))) -> 1 | P9: =P8 -> 1 | Q9: =IFERROR(IF(AND(H9="",L9="",O9="")=TRUE,"",IF(H9="",1,H9)*IF(L9="",1,L9)*IF(O9="",1,O9)),"") -> 0.96354061 | R9: =IFERROR(IF(AND(I9="",M9="",P9="")=TRUE,"",IF(I9="",1,I9)*IF(M9="",1,M9)*IF(P9="",1,P9)),"") -> 0.9405 | S9: =ROUNDUP((('AHV-04'!$F9/480)/3),"0") -> 1 | T9: =IFERROR(K9/S9,"") -> 16886 | U9: =U8 -> FY2025_MLS_Spindle Motor_Spindle Motor(FDB UNIT)_Bang Pa-in
A10: 46063 | B10: =SUMIFS('OEE AHV'!J:J,'OEE AHV'!$B:$B,'AHV-04'!$A10,'OEE AHV'!$D:$D,'AHV-04'!$A$1) -> 106.55273 | C10: =AVERAGEIF($B:$B,">0") -> 105.43012 | D10: =ROUNDDOWN((K10/750)+(F10/240)+(F10/240),"0") -> 34 | E10: =AVERAGEIF($D:$D,">0") -> 33.291667 | F10: =SUMIFS('OEE AHV'!M:M,'OEE AHV'!$B:$B,'AHV-04'!$A10,'OEE AHV'!$D:$D,'AHV-04'!$A$1) -> 1333.4473 | G10: =ROUNDUP((1400-F10)-(F10*0.5%),"0") -> 60 | H10: =IFERROR(IF(AND(F10="",G10="")=TRUE,"",F10/(1440-G10)),"") -> 0.96626613 | I10: =I9 -> 0.95 | K10: =SUMIFS('OEE AHV'!Q:Q,'OEE AHV'!$B:$B,'AHV-04'!$A10,'OEE AHV'!$D:$D,'AHV-04'!$A$1) -> 17895 | L10: =IF(AND(J10="",K10="")=TRUE,"",IF(OR(J10="MMS",K10="MMS")=TRUE,"",IFERROR(K10/((F10*60)/J10),1))) -> 1 | M10: =M9 -> 0.99 | N10: - | O10: =IF(N10="","",IF(N10="MMS","",IFERROR((K10-N10)/K10,1))) -> 1 | P10: =P9 -> 1 | Q10: =IFERROR(IF(AND(H10="",L10="",O10="")=TRUE,"",IF(H10="",1,H10)*IF(L10="",1,L10)*IF(O10="",1,O10)),"") -> 0.96626613 | R10: =IFERROR(IF(AND(I10="",M10="",P10="")=TRUE,"",IF(I10="",1,I10)*IF(M10="",1,M10)*IF(P10="",1,P10)),"") -> 0.9405 | S10: =ROUNDUP((('AHV-04'!$F10/480)/3),"0") -> 1 | T10: =IFERROR(K10/S10,"") -> 17895 | U10: =U9 -> FY2025_MLS_Spindle Motor_Spindle Motor(FDB UNIT)_Bang Pa-in
A11: 46064 | B11: =SUMIFS('OEE AHV'!J:J,'OEE AHV'!$B:$B,'AHV-04'!$A11,'OEE AHV'!$D:$D,'AHV-04'!$A$1) -> 108.91341 | C11: =AVERAGEIF($B:$B,">0") -> 105.43012 | D11: =ROUNDDOWN((K11/750)+(F11/240)+(F11/240),"0") -> 35 | E11: =AVERAGEIF($D:$D,">0") -> 33.291667 | F11: =SUMIFS('OEE AHV'!M:M,'OEE AHV'!$B:$B,'AHV-04'!$A11,'OEE AHV'!$D:$D,'AHV-04'!$A$1) -> 1331.0866 | G11: =ROUNDUP((1400-F11)-(F11*0.5%),"0") -> 63 | H11: =IFERROR(IF(AND(F11="",G11="")=TRUE,"",F11/(1440-G11)),"") -> 0.96665693 | I11: =I10 -> 0.95 | K11: =SUMIFS('OEE AHV'!Q:Q,'OEE AHV'!$B:$B,'AHV-04'!$A11,'OEE AHV'!$D:$D,'AHV-04'!$A$1) -> 18413 | L11: =IF(AND(J11="",K11="")=TRUE,"",IF(OR(J11="MMS",K11="MMS")=TRUE,"",IFERROR(K11/((F11*60)/J11),1))) -> 1 | M11: =M10 -> 0.99 | N11: - | O11: =IF(N11="","",IF(N11="MMS","",IFERROR((K11-N11)/K11,1))) -> 1 | P11: =P10 -> 1 | Q11: =IFERROR(IF(AND(H11="",L11="",O11="")=TRUE,"",IF(H11="",1,H11)*IF(L11="",1,L11)*IF(O11="",1,O11)),"") -> 0.96665693 | R11: =IFERROR(IF(AND(I11="",M11="",P11="")=TRUE,"",IF(I11="",1,I11)*IF(M11="",1,M11)*IF(P11="",1,P11)),"") -> 0.9405 | S11: =ROUNDUP((('AHV-04'!$F11/480)/3),"0") -> 1 | T11: =IFERROR(K11/S11,"") -> 18413 | U11: =U10 -> FY2025_MLS_Spindle Motor_Spindle Motor(FDB UNIT)_Bang Pa-in
A12: 46065 | B12: =SUMIFS('OEE AHV'!J:J,'OEE AHV'!$B:$B,'AHV-04'!$A12,'OEE AHV'!$D:$D,'AHV-04'!$A$1) -> 104.29232 | C12: =AVERAGEIF($B:$B,">0") -> 105.43012 | D12: =ROUNDDOWN((K12/750)+(F12/240)+(F12/240),"0") -> 34 | E12: =AVERAGEIF($D:$D,">0") -> 33.291667 | F12: =SUMIFS('OEE AHV'!M:M,'OEE AHV'!$B:$B,'AHV-04'!$A12,'OEE AHV'!$D:$D,'AHV-04'!$A$1) -> 1335.7077 | G12: =ROUNDUP((1400-F12)-(F12*0.5%),"0") -> 58 | H12: =IFERROR(IF(AND(F12="",G12="")=TRUE,"",F12/(1440-G12)),"") -> 0.96650339 | I12: =I11 -> 0.95 | K12: =SUMIFS('OEE AHV'!Q:Q,'OEE AHV'!$B:$B,'AHV-04'!$A12,'OEE AHV'!$D:$D,'AHV-04'!$A$1) -> 17399 | L12: =IF(AND(J12="",K12="")=TRUE,"",IF(OR(J12="MMS",K12="MMS")=TRUE,"",IFERROR(K12/((F12*60)/J12),1))) -> 1 | M12: =M11 -> 0.99 | N12: - | O12: =IF(N12="","",IF(N12="MMS","",IFERROR((K12-N12)/K12,1))) -> 1 | P12: =P11 -> 1 | Q12: =IFERROR(IF(AND(H12="",L12="",O12="")=TRUE,"",IF(H12="",1,H12)*IF(L12="",1,L12)*IF(O12="",1,O12)),"") -> 0.96650339 | R12: =IFERROR(IF(AND(I12="",M12="",P12="")=TRUE,"",IF(I12="",1,I12)*IF(M12="",1,M12)*IF(P12="",1,P12)),"") -> 0.9405 | S12: =ROUNDUP((('AHV-04'!$F12/480)/3),"0") -> 1 | T12: =IFERROR(K12/S12,"") -> 17399 | U12: =U11 -> FY2025_MLS_Spindle Motor_Spindle Motor(FDB UNIT)_Bang Pa-in
A13: 46066 | B13: =SUMIFS('OEE AHV'!J:J,'OEE AHV'!$B:$B,'AHV-04'!$A13,'OEE AHV'!$D:$D,'AHV-04'!$A$1) -> 111.26042 | C13: =AVERAGEIF($B:$B,">0") -> 105.43012 | D13: =ROUNDDOWN((K13/750)+(F13/240)+(F13/240),"0") -> 35 | E13: =AVERAGEIF($D:$D,">0") -> 33.291667 | F13: =SUMIFS('OEE AHV'!M:M,'OEE AHV'!$B:$B,'AHV-04'!$A13,'OEE AHV'!$D:$D,'AHV-04'!$A$1) -> 1198.7396 | G13: =ROUNDUP((1400-F13)-(F13*0.5%),"0") -> 196 | H13: =IFERROR(IF(AND(F13="",G13="")=TRUE,"",F13/(1440-G13)),"") -> 0.96361703 | I13: =I12 -> 0.95 | K13: =SUMIFS('OEE AHV'!Q:Q,'OEE AHV'!$B:$B,'AHV-04'!$A13,'OEE AHV'!$D:$D,'AHV-04'!$A$1) -> 18928 | L13: =IF(AND(J13="",K13="")=TRUE,"",IF(OR(J13="MMS",K13="MMS")=TRUE,"",IFERROR(K13/((F13*60)/J13),1))) -> 1 | M13: =M12 -> 0.99 | N13: - | O13: =IF(N13="","",IF(N13="MMS","",IFERROR((K13-N13)/K13,1))) -> 1 | P13: =P12 -> 1 | Q13: =IFERROR(IF(AND(H13="",L13="",O13="")=TRUE,"",IF(H13="",1,H13)*IF(L13="",1,L13)*IF(O13="",1,O13)),"") -> 0.96361703 | R13: =IFERROR(IF(AND(I13="",M13="",P13="")=TRUE,"",IF(I13="",1,I13)*IF(M13="",1,M13)*IF(P13="",1,P13)),"") -> 0.9405 | S13: =ROUNDUP((('AHV-04'!$F13/480)/3),"0") -> 1 | T13: =IFERROR(K13/S13,"") -> 18928 | U13: =U12 -> FY2025_MLS_Spindle Motor_Spindle Motor(FDB UNIT)_Bang Pa-in
A14: 46067 | B14: =SUMIFS('OEE AHV'!J:J,'OEE AHV'!$B:$B,'AHV-04'!$A14,'OEE AHV'!$D:$D,'AHV-04'!$A$1) -> 111.25586 | C14: =AVERAGEIF($B:$B,">0") -> 105.43012 | D14: =ROUNDDOWN((K14/750)+(F14/240)+(F14/240),"0") -> 36 | E14: =AVERAGEIF($D:$D,">0") -> 33.291667 | F14: =SUMIFS('OEE AHV'!M:M,'OEE AHV'!$B:$B,'AHV-04'!$A14,'OEE AHV'!$D:$D,'AHV-04'!$A$1) -> 1313.7441 | G14: =ROUNDUP((1400-F14)-(F14*0.5%),"0") -> 80 | H14: =IFERROR(IF(AND(F14="",G14="")=TRUE,"",F14/(1440-G14)),"") -> 0.96598834 | I14: =I13 -> 0.95 | K14: =SUMIFS('OEE AHV'!Q:Q,'OEE AHV'!$B:$B,'AHV-04'!$A14,'OEE AHV'!$D:$D,'AHV-04'!$A$1) -> 18927 | L14: =IF(AND(J14="",K14="")=TRUE,"",IF(OR(J14="MMS",K14="MMS")=TRUE,"",IFERROR(K14/((F14*60)/J14),1))) -> 1 | M14: =M13 -> 0.99 | N14: - | O14: =IF(N14="","",IF(N14="MMS","",IFERROR((K14-N14)/K14,1))) -> 1 | P14: =P13 -> 1 | Q14: =IFERROR(IF(AND(H14="",L14="",O14="")=TRUE,"",IF(H14="",1,H14)*IF(L14="",1,L14)*IF(O14="",1,O14)),"") -> 0.96598834 | R14: =IFERROR(IF(AND(I14="",M14="",P14="")=TRUE,"",IF(I14="",1,I14)*IF(M14="",1,M14)*IF(P14="",1,P14)),"") -> 0.9405 | S14: =ROUNDUP((('AHV-04'!$F14/480)/3),"0") -> 1 | T14: =IFERROR(K14/S14,"") -> 18927 | U14: =U13 -> FY2025_MLS_Spindle Motor_Spindle Motor(FDB UNIT)_Bang Pa-in
... A25: 46080 | B25: =SUMIFS('OEE AHV'!J:J,'OEE AHV'!$B:$B,'AHV-04'!$A25,'OEE AHV'!$D:$D,'AHV-04'!$A$1) -> 113.57552 | C25: =AVERAGEIF($B:$B,">0") -> 105.43012 | D25: =ROUNDDOWN((K25/750)+(F25/240)+(F25/240),"0") -> 36 | E25: =AVERAGEIF($D:$D,">0") -> 33.291667 | F25: =SUMIFS('OEE AHV'!M:M,'OEE AHV'!$B:$B,'AHV-04'!$A25,'OEE AHV'!$D:$D,'AHV-04'!$A$1) -> 1326.4245 | G25: =ROUNDUP((1400-F25)-(F25*0.5%),"0") -> 67 | H25: =IFERROR(IF(AND(F25="",G25="")=TRUE,"",F25/(1440-G25)),"") -> 0.96607755 | I25: =I24 -> 0.95 | K25: =SUMIFS('OEE AHV'!Q:Q,'OEE AHV'!$B:$B,'AHV-04'!$A25,'OEE AHV'!$D:$D,'AHV-04'!$A$1) -> 19436 | L25: =IF(AND(J25="",K25="")=TRUE,"",IF(OR(J25="MMS",K25="MMS")=TRUE,"",IFERROR(K25/((F25*60)/J25),1))) -> 1 | M25: =M24 -> 0.99 | N25: - | O25: =IF(N25="","",IF(N25="MMS","",IFERROR((K25-N25)/K25,1))) -> 1 | P25: =P24 -> 1 | Q25: =IFERROR(IF(AND(H25="",L25="",O25="")=TRUE,"",IF(H25="",1,H25)*IF(L25="",1,L25)*IF(O25="",1,O25)),"") -> 0.96607755 | R25: =IFERROR(IF(AND(I25="",M25="",P25="")=TRUE,"",IF(I25="",1,I25)*IF(M25="",1,M25)*IF(P25="",1,P25)),"") -> 0.9405 | S25: =ROUNDUP((('AHV-04'!$F25/480)/3),"0") -> 1 | T25: =IFERROR(K25/S25,"") -> 19436 | U25: =U24 -> FY2025_MLS_Spindle Motor_Spindle Motor(FDB UNIT)_Bang Pa-in

Sheet AHV-05
A1: AHV-05 | B1: Choko tei Duration[min] /day | C1: Target Choko tei Duration[min] /day | D1: Choko tei Count /day | E1: Target Choko tei Count /day | F1: Run[min] /day | G1: Plan Stop[min] /day | H1: Availability[%] | I1: Target Availability[%] | J1: Target Cycletime[s] | K1: Production Q'ty /day | L1: Performance[%] | M1: Target Performance[%] | N1: 1st NG Q'ty /day | O1: Quality[%] | P1: Target Quality[%] | Q1: OEE[%] | R1: Target OEE[%] | S1: Man Power /day | T1: Productivity | U1: file_name
A2: 46055 | B2: =SUMIFS('OEE AHV'!J:J,'OEE AHV'!$B:$B,'AHV-05'!$A2,'OEE AHV'!$D:$D,'AHV-05'!$A$1) -> 73.954427 | C2: =AVERAGEIF($B:$B,">0") -> 103.10476 | D2: =ROUNDDOWN((K2/750)+(F2/240)+(F2/240),"0") -> 20 | E2: =AVERAGEIF($D:$D,">0") -> 32.541667 | F2: =SUMIFS('OEE AHV'!M:M,'OEE AHV'!$B:$B,'AHV-05'!$A2,'OEE AHV'!$D:$D,'AHV-05'!$A$1) -> 729.04557 | G2: =ROUNDUP((1400-F2)-(F2*0.5%),"0") -> 668 | H2: =IFERROR(IF(AND(F2="",G2="")=TRUE,"",F2/(1440-G2)),"") -> 0.94435955 | I2: =95% -> 0.95 | K2: =SUMIFS('OEE AHV'!Q:Q,'OEE AHV'!$B:$B,'AHV-05'!$A2,'OEE AHV'!$D:$D,'AHV-05'!$A$1) -> 10742 | L2: =IF(AND(J2="",K2="")=TRUE,"",IF(OR(J2="MMS",K2="MMS")=TRUE,"",IFERROR(K2/((F2*60)/J2),1))) -> 1 | M2: =99% -> 0.99 | N2: - | O2: =IF(N2="","",IF(N2="MMS","",IFERROR((K2-N2)/K2,1))) -> 1 | P2: =100% -> 1 | Q2: =IFERROR(IF(AND(H2="",L2="",O2="")=TRUE,"",IF(H2="",1,H2)*IF(L2="",1,L2)*IF(O2="",1,O2)),"") -> 0.94435955 | R2: =IFERROR(IF(AND(I2="",M2="",P2="")=TRUE,"",IF(I2="",1,I2)*IF(M2="",1,M2)*IF(P2="",1,P2)),"") -> 0.9405 | S2: =ROUNDUP((('AHV-05'!$F2/480)/3),"0") -> 1 | T2: =IFERROR(K2/S2,"") -> 10742 | U2: FY2025_MLS_Spindle Motor_Spindle Motor(FDB UNIT)_Bang Pa-in
A3: 46056 | B3: =SUMIFS('OEE AHV'!J:J,'OEE AHV'!$B:$B,'AHV-05'!$A3,'OEE AHV'!$D:$D,'AHV-05'!$A$1) -> 71.625651 | C3: =AVERAGEIF($B:$B,">0") -> 103.10476 | D3: =ROUNDDOWN((K3/750)+(F3/240)+(F3/240),"0") -> 20 | E3: =AVERAGEIF($D:$D,">0") -> 32.541667 | F3: =SUMIFS('OEE AHV'!M:M,'OEE AHV'!$B:$B,'AHV-05'!$A3,'OEE AHV'!$D:$D,'AHV-05'!$A$1) -> 809.37435 | G3: =ROUNDUP((1400-F3)-(F3*0.5%),"0") -> 587 | H3: =IFERROR(IF(AND(F3="",G3="")=TRUE,"",F3/(1440-G3)),"") -> 0.94885621 | I3: =I2 -> 0.95 | K3: =SUMIFS('OEE AHV'!Q:Q,'OEE AHV'!$B:$B,'AHV-05'!$A3,'OEE AHV'!$D:$D,'AHV-05'!$A$1) -> 10231 | L3: =IF(AND(J3="",K3="")=TRUE,"",IF(OR(J3="MMS",K3="MMS")=TRUE,"",IFERROR(K3/((F3*60)/J3),1))) -> 1 | M3: =M2 -> 0.99 | N3: - | O3: =IF(N3="","",IF(N3="MMS","",IFERROR((K3-N3)/K3,1))) -> 1 | P3: =P2 -> 1 | Q3: =IFERROR(IF(AND(H3="",L3="",O3="")=TRUE,"",IF(H3="",1,H3)*IF(L3="",1,L3)*IF(O3="",1,O3)),"") -> 0.94885621 | R3: =IFERROR(IF(AND(I3="",M3="",P3="")=TRUE,"",IF(I3="",1,I3)*IF(M3="",1,M3)*IF(P3="",1,P3)),"") -> 0.9405 | S3: =ROUNDUP((('AHV-05'!$F3/480)/3),"0") -> 1 | T3: =IFERROR(K3/S3,"") -> 10231 | U3: =U2 -> FY2025_MLS_Spindle Motor_Spindle Motor(FDB UNIT)_Bang Pa-in
A4: 46057 | B4: =SUMIFS('OEE AHV'!J:J,'OEE AHV'!$B:$B,'AHV-05'!$A4,'OEE AHV'!$D:$D,'AHV-05'!$A$1) -> 97.260417 | C4: =AVERAGEIF($B:$B,">0") -> 103.10476 | D4: =ROUNDDOWN((K4/750)+(F4/240)+(F4/240),"0") -> 31 | E4: =AVERAGEIF($D:$D,">0") -> 32.541667 | F4: =SUMIFS('OEE AHV'!M:M,'OEE AHV'!$B:$B,'AHV-05'!$A4,'OEE AHV'!$D:$D,'AHV-05'!$A$1) -> 1277.7396 | G4: =ROUNDUP((1400-F4)-(F4*0.5%),"0") -> 116 | H4: =IFERROR(IF(AND(F4="",G4="")=TRUE,"",F4/(1440-G4)),"") -> 0.96506011 | I4: =I3 -> 0.95 | K4: =SUMIFS('OEE AHV'!Q:Q,'OEE AHV'!$B:$B,'AHV-05'!$A4,'OEE AHV'!$D:$D,'AHV-05'!$A$1) -> 15856 | L4: =IF(AND(J4="",K4="")=TRUE,"",IF(OR(J4="MMS",K4="MMS")=TRUE,"",IFERROR(K4/((F4*60)/J4),1))) -> 1 | M4: =M3 -> 0.99 | N4: - | O4: =IF(N4="","",IF(N4="MMS","",IFERROR((K4-N4)/K4,1))) -> 1 | P4: =P3 -> 1 | Q4: =IFERROR(IF(AND(H4="",L4="",O4="")=TRUE,"",IF(H4="",1,H4)*IF(L4="",1,L4)*IF(O4="",1,O4)),"") -> 0.96506011 | R4: =IFERROR(IF(AND(I4="",M4="",P4="")=TRUE,"",IF(I4="",1,I4)*IF(M4="",1,M4)*IF(P4="",1,P4)),"") -> 0.9405 | S4: =ROUNDUP((('AHV-05'!$F4/480)/3),"0") -> 1 | T4: =IFERROR(K4/S4,"") -> 15856 | U4: =U3 -> FY2025_MLS_Spindle Motor_Spindle Motor(FDB UNIT)_Bang Pa-in
A5: 46058 | B5: =SUMIFS('OEE AHV'!J:J,'OEE AHV'!$B:$B,'AHV-05'!$A5,'OEE AHV'!$D:$D,'AHV-05'!$A$1) -> 104.29688 | C5: =AVERAGEIF($B:$B,">0") -> 103.10476 | D5: =ROUNDDOWN((K5/750)+(F5/240)+(F5/240),"0") -> 33 | E5: =AVERAGEIF($D:$D,">0") -> 32.541667 | F5: =SUMIFS('OEE AHV'!M:M,'OEE AHV'!$B:$B,'AHV-05'!$A5,'OEE AHV'!$D:$D,'AHV-05'!$A$1) -> 1190.7031 | G5: =ROUNDUP((1400-F5)-(F5*0.5%),"0") -> 204 | H5: =IFERROR(IF(AND(F5="",G5="")=TRUE,"",F5/(1440-G5)),"") -> 0.96335204 | I5: =I4 -> 0.95 | K5: =SUMIFS('OEE AHV'!Q:Q,'OEE AHV'!$B:$B,'AHV-05'!$A5,'OEE AHV'!$D:$D,'AHV-05'!$A$1) -> 17400 | L5: =IF(AND(J5="",K5="")=TRUE,"",IF(OR(J5="MMS",K5="MMS")=TRUE,"",IFERROR(K5/((F5*60)/J5),1))) -> 1 | M5: =M4 -> 0.99 | N5: - | O5: =IF(N5="","",IF(N5="MMS","",IFERROR((K5-N5)/K5,1))) -> 1 | P5: =P4 -> 1 | Q5: =IFERROR(IF(AND(H5="",L5="",O5="")=TRUE,"",IF(H5="",1,H5)*IF(L5="",1,L5)*IF(O5="",1,O5)),"") -> 0.96335204 | R5: =IFERROR(IF(AND(I5="",M5="",P5="")=TRUE,"",IF(I5="",1,I5)*IF(M5="",1,M5)*IF(P5="",1,P5)),"") -> 0.9405 | S5: =ROUNDUP((('AHV-05'!$F5/480)/3),"0") -> 1 | T5: =IFERROR(K5/S5,"") -> 17400 | U5: =U4 -> FY2025_MLS_Spindle Motor_Spindle Motor(FDB UNIT)_Bang Pa-in
A6: 46059 | B6: =SUMIFS('OEE AHV'!J:J,'OEE AHV'!$B:$B,'AHV-05'!$A6,'OEE AHV'!$D:$D,'AHV-05'!$A$1) -> 113.61198 | C6: =AVERAGEIF($B:$B,">0") -> 103.10476 | D6: =ROUNDDOWN((K6/750)+(F6/240)+(F6/240),"0") -> 36 | E6: =AVERAGEIF($D:$D,">0") -> 32.541667 | F6: =SUMIFS('OEE AHV'!M:M,'OEE AHV'!$B:$B,'AHV-05'!$A6,'OEE AHV'!$D:$D,'AHV-05'!$A$1) -> 1326.388 | G6: =ROUNDUP((1400-F6)-(F6*0.5%),"0") -> 67 | H6: =IFERROR(IF(AND(F6="",G6="")=TRUE,"",F6/(1440-G6)),"") -> 0.966051 | I6: =I5 -> 0.95 | K6: =SUMIFS('OEE AHV'!Q:Q,'OEE AHV'!$B:$B,'AHV-05'!$A6,'OEE AHV'!$D:$D,'AHV-05'!$A$1) -> 19444 | L6: =IF(AND(J6="",K6="")=TRUE,"",IF(OR(J6="MMS",K6="MMS")=TRUE,"",IFERROR(K6/((F6*60)/J6),1))) -> 1 | M6: =M5 -> 0.99 | N6: - | O6: =IF(N6="","",IF(N6="MMS","",IFERROR((K6-N6)/K6,1))) -> 1 | P6: =P5 -> 1 | Q6: =IFERROR(IF(AND(H6="",L6="",O6="")=TRUE,"",IF(H6="",1,H6)*IF(L6="",1,L6)*IF(O6="",1,O6)),"") -> 0.966051 | R6: =IFERROR(IF(AND(I6="",M6="",P6="")=TRUE,"",IF(I6="",1,I6)*IF(M6="",1,M6)*IF(P6="",1,P6)),"") -> 0.9405 | S6: =ROUNDUP((('AHV-05'!$F6/480)/3),"0") -> 1 | T6: =IFERROR(K6/S6,"") -> 19444 | U6: =U5 -> FY2025_MLS_Spindle Motor_Spindle Motor(FDB UNIT)_Bang Pa-in
A7: 46060 | B7: =SUMIFS('OEE AHV'!J:J,'OEE AHV'!$B:$B,'AHV-05'!$A7,'OEE AHV'!$D:$D,'AHV-05'!$A$1) -> 111.27409 | C7: =AVERAGEIF($B:$B,">0") -> 103.10476 | D7: =ROUNDDOWN((K7/750)+(F7/240)+(F7/240),"0") -> 35 | E7: =AVERAGEIF($D:$D,">0") -> 32.541667 | F7: =SUMIFS('OEE AHV'!M:M,'OEE AHV'!$B:$B,'AHV-05'!$A7,'OEE AHV'!$D:$D,'AHV-05'!$A$1) -> 1280.7259 | G7: =ROUNDUP((1400-F7)-(F7*0.5%),"0") -> 113 | H7: =IFERROR(IF(AND(F7="",G7="")=TRUE,"",F7/(1440-G7)),"") -> 0.9651288 | I7: =I6 -> 0.95 | K7: =SUMIFS('OEE AHV'!Q:Q,'OEE AHV'!$B:$B,'AHV-05'!$A7,'OEE AHV'!$D:$D,'AHV-05'!$A$1) -> 18931 | L7: =IF(AND(J7="",K7="")=TRUE,"",IF(OR(J7="MMS",K7="MMS")=TRUE,"",IFERROR(K7/((F7*60)/J7),1))) -> 1 | M7: =M6 -> 0.99 | N7: - | O7: =IF(N7="","",IF(N7="MMS","",IFERROR((K7-N7)/K7,1))) -> 1 | P7: =P6 -> 1 | Q7: =IFERROR(IF(AND(H7="",L7="",O7="")=TRUE,"",IF(H7="",1,H7)*IF(L7="",1,L7)*IF(O7="",1,O7)),"") -> 0.9651288 | R7: =IFERROR(IF(AND(I7="",M7="",P7="")=TRUE,"",IF(I7="",1,I7)*IF(M7="",1,M7)*IF(P7="",1,P7)),"") -> 0.9405 | S7: =ROUNDUP((('AHV-05'!$F7/480)/3),"0") -> 1 | T7: =IFERROR(K7/S7,"") -> 18931 | U7: =U6 -> FY2025_MLS_Spindle Motor_Spindle Motor(FDB UNIT)_Bang Pa-in
A8: 46061 | B8: =SUMIFS('OEE AHV'!J:J,'OEE AHV'!$B:$B,'AHV-05'!$A8,'OEE AHV'!$D:$D,'AHV-05'!$A$1) -> 57.657552 | C8: =AVERAGEIF($B:$B,">0") -> 103.10476 | D8: =ROUNDDOWN((K8/750)+(F8/240)+(F8/240),"0") -> 15 | E8: =AVERAGEIF($D:$D,">0") -> 32.541667 | F8: =SUMIFS('OEE AHV'!M:M,'OEE AHV'!$B:$B,'AHV-05'!$A8,'OEE AHV'!$D:$D,'AHV-05'!$A$1) -> 662.34245 | G8: =ROUNDUP((1400-F8)-(F8*0.5%),"0") -> 735 | H8: =IFERROR(IF(AND(F8="",G8="")=TRUE,"",F8/(1440-G8)),"") -> 0.93949283 | I8: =I7 -> 0.95 | K8: =SUMIFS('OEE AHV'!Q:Q,'OEE AHV'!$B:$B,'AHV-05'!$A8,'OEE AHV'!$D:$D,'AHV-05'!$A$1) -> 7166 | L8: =IF(AND(J8="",K8="")=TRUE,"",IF(OR(J8="MMS",K8="MMS")=TRUE,"",IFERROR(K8/((F8*60)/J8),1))) -> 1 | M8: =M7 -> 0.99 | N8: - | O8: =IF(N8="","",IF(N8="MMS","",IFERROR((K8-N8)/K8,1))) -> 1 | P8: =P7 -> 1 | Q8: =IFERROR(IF(AND(H8="",L8="",O8="")=TRUE,"",IF(H8="",1,H8)*IF(L8="",1,L8)*IF(O8="",1,O8)),"") -> 0.93949283 | R8: =IFERROR(IF(AND(I8="",M8="",P8="")=TRUE,"",IF(I8="",1,I8)*IF(M8="",1,M8)*IF(P8="",1,P8)),"") -> 0.9405 | S8: =ROUNDUP((('AHV-05'!$F8/480)/3),"0") -> 1 | T8: =IFERROR(K8/S8,"") -> 7166 | U8: =U7 -> FY2025_MLS_Spindle Motor_Spindle Motor(FDB UNIT)_Bang Pa-in
A9: 46062 | B9: =SUMIFS('OEE AHV'!J:J,'OEE AHV'!$B:$B,'AHV-05'!$A9,'OEE AHV'!$D:$D,'AHV-05'!$A$1) -> 99.616536 | C9: =AVERAGEIF($B:$B,">0") -> 103.10476 | D9: =ROUNDDOWN((K9/750)+(F9/240)+(F9/240),"0") -> 31 | E9: =AVERAGEIF($D:$D,">0") -> 32.541667 | F9: =SUMIFS('OEE AHV'!M:M,'OEE AHV'!$B:$B,'AHV-05'!$A9,'OEE AHV'!$D:$D,'AHV-05'!$A$1) -> 1201.3835 | G9: =ROUNDUP((1400-F9)-(F9*0.5%),"0") -> 193 | H9: =IFERROR(IF(AND(F9="",G9="")=TRUE,"",F9/(1440-G9)),"") -> 0.96341898 | I9: =I8 -> 0.95 | K9: =SUMIFS('OEE AHV'!Q:Q,'OEE AHV'!$B:$B,'AHV-05'!$A9,'OEE AHV'!$D:$D,'AHV-05'!$A$1) -> 16373 | L9: =IF(AND(J9="",K9="")=TRUE,"",IF(OR(J9="MMS",K9="MMS")=TRUE,"",IFERROR(K9/((F9*60)/J9),1))) -> 1 | M9: =M8 -> 0.99 | N9: - | O9: =IF(N9="","",IF(N9="MMS","",IFERROR((K9-N9)/K9,1))) -> 1 | P9: =P8 -> 1 | Q9: =IFERROR(IF(AND(H9="",L9="",O9="")=TRUE,"",IF(H9="",1,H9)*IF(L9="",1,L9)*IF(O9="",1,O9)),"") -> 0.96341898 | R9: =IFERROR(IF(AND(I9="",M9="",P9="")=TRUE,"",IF(I9="",1,I9)*IF(M9="",1,M9)*IF(P9="",1,P9)),"") -> 0.9405 | S9: =ROUNDUP((('AHV-05'!$F9/480)/3),"0") -> 1 | T9: =IFERROR(K9/S9,"") -> 16373 | U9: =U8 -> FY2025_MLS_Spindle Motor_Spindle Motor(FDB UNIT)_Bang Pa-in
A10: 46063 | B10: =SUMIFS('OEE AHV'!J:J,'OEE AHV'!$B:$B,'AHV-05'!$A10,'OEE AHV'!$D:$D,'AHV-05'!$A$1) -> 108.94531 | C10: =AVERAGEIF($B:$B,">0") -> 103.10476 | D10: =ROUNDDOWN((K10/750)+(F10/240)+(F10/240),"0") -> 35 | E10: =AVERAGEIF($D:$D,">0") -> 32.541667 | F10: =SUMIFS('OEE AHV'!M:M,'OEE AHV'!$B:$B,'AHV-05'!$A10,'OEE AHV'!$D:$D,'AHV-05'!$A$1) -> 1331.0547 | G10: =ROUNDUP((1400-F10)-(F10*0.5%),"0") -> 63 | H10: =IFERROR(IF(AND(F10="",G10="")=TRUE,"",F10/(1440-G10)),"") -> 0.96663376 | I10: =I9 -> 0.95 | K10: =SUMIFS('OEE AHV'!Q:Q,'OEE AHV'!$B:$B,'AHV-05'!$A10,'OEE AHV'!$D:$D,'AHV-05'!$A$1) -> 18420 | L10: =IF(AND(J10="",K10="")=TRUE,"",IF(OR(J10="MMS",K10="MMS")=TRUE,"",IFERROR(K10/((F10*60)/J10),1))) -> 1 | M10: =M9 -> 0.99 | N10: - | O10: =IF(N10="","",IF(N10="MMS","",IFERROR((K10-N10)/K10,1))) -> 1 | P10: =P9 -> 1 | Q10: =IFERROR(IF(AND(H10="",L10="",O10="")=TRUE,"",IF(H10="",1,H10)*IF(L10="",1,L10)*IF(O10="",1,O10)),"") -> 0.96663376 | R10: =IFERROR(IF(AND(I10="",M10="",P10="")=TRUE,"",IF(I10="",1,I10)*IF(M10="",1,M10)*IF(P10="",1,P10)),"") -> 0.9405 | S10: =ROUNDUP((('AHV-05'!$F10/480)/3),"0") -> 1 | T10: =IFERROR(K10/S10,"") -> 18420 | U10: =U9 -> FY2025_MLS_Spindle Motor_Spindle Motor(FDB UNIT)_Bang Pa-in
A11: 46064 | B11: =SUMIFS('OEE AHV'!J:J,'OEE AHV'!$B:$B,'AHV-05'!$A11,'OEE AHV'!$D:$D,'AHV-05'!$A$1) -> 106.64388 | C11: =AVERAGEIF($B:$B,">0") -> 103.10476 | D11: =ROUNDDOWN((K11/750)+(F11/240)+(F11/240),"0") -> 34 | E11: =AVERAGEIF($D:$D,">0") -> 32.541667 | F11: =SUMIFS('OEE AHV'!M:M,'OEE AHV'!$B:$B,'AHV-05'!$A11,'OEE AHV'!$D:$D,'AHV-05'!$A$1) -> 1333.3561 | G11: =ROUNDUP((1400-F11)-(F11*0.5%),"0") -> 60 | H11: =IFERROR(IF(AND(F11="",G11="")=TRUE,"",F11/(1440-G11)),"") -> 0.96620009 | I11: =I10 -> 0.95 | K11: =SUMIFS('OEE AHV'!Q:Q,'OEE AHV'!$B:$B,'AHV-05'!$A11,'OEE AHV'!$D:$D,'AHV-05'!$A$1) -> 17915 | L11: =IF(AND(J11="",K11="")=TRUE,"",IF(OR(J11="MMS",K11="MMS")=TRUE,"",IFERROR(K11/((F11*60)/J11),1))) -> 1 | M11: =M10 -> 0.99 | N11: - | O11: =IF(N11="","",IF(N11="MMS","",IFERROR((K11-N11)/K11,1))) -> 1 | P11: =P10 -> 1 | Q11: =IFERROR(IF(AND(H11="",L11="",O11="")=TRUE,"",IF(H11="",1,H11)*IF(L11="",1,L11)*IF(O11="",1,O11)),"") -> 0.96620009 | R11: =IFERROR(IF(AND(I11="",M11="",P11="")=TRUE,"",IF(I11="",1,I11)*IF(M11="",1,M11)*IF(P11="",1,P11)),"") -> 0.9405 | S11: =ROUNDUP((('AHV-05'!$F11/480)/3),"0") -> 1 | T11: =IFERROR(K11/S11,"") -> 17915 | U11: =U10 -> FY2025_MLS_Spindle Motor_Spindle Motor(FDB UNIT)_Bang Pa-in
A12: 46065 | B12: =SUMIFS('OEE AHV'!J:J,'OEE AHV'!$B:$B,'AHV-05'!$A12,'OEE AHV'!$D:$D,'AHV-05'!$A$1) -> 97.260417 | C12: =AVERAGEIF($B:$B,">0") -> 103.10476 | D12: =ROUNDDOWN((K12/750)+(F12/240)+(F12/240),"0") -> 32 | E12: =AVERAGEIF($D:$D,">0") -> 32.541667 | F12: =SUMIFS('OEE AHV'!M:M,'OEE AHV'!$B:$B,'AHV-05'!$A12,'OEE AHV'!$D:$D,'AHV-05'!$A$1) -> 1342.7396 | G12: =ROUNDUP((1400-F12)-(F12*0.5%),"0") -> 51 | H12: =IFERROR(IF(AND(F12="",G12="")=TRUE,"",F12/(1440-G12)),"") -> 0.96669516 | I12: =I11 -> 0.95 | K12: =SUMIFS('OEE AHV'!Q:Q,'OEE AHV'!$B:$B,'AHV-05'!$A12,'OEE AHV'!$D:$D,'AHV-05'!$A$1) -> 15856 | L12: =IF(AND(J12="",K12="")=TRUE,"",IF(OR(J12="MMS",K12="MMS")=TRUE,"",IFERROR(K12/((F12*60)/J12),1))) -> 1 | M12: =M11 -> 0.99 | N12: - | O12: =IF(N12="","",IF(N12="MMS","",IFERROR((K12-N12)/K12,1))) -> 1 | P12: =P11 -> 1 | Q12: =IFERROR(IF(AND(H12="",L12="",O12="")=TRUE,"",IF(H12="",1,H12)*IF(L12="",1,L12)*IF(O12="",1,O12)),"") -> 0.96669516 | R12: =IFERROR(IF(AND(I12="",M12="",P12="")=TRUE,"",IF(I12="",1,I12)*IF(M12="",1,M12)*IF(P12="",1,P12)),"") -> 0.9405 | S12: =ROUNDUP((('AHV-05'!$F12/480)/3),"0") -> 1 | T12: =IFERROR(K12/S12,"") -> 15856 | U12: =U11 -> FY2025_MLS_Spindle Motor_Spindle Motor(FDB UNIT)_Bang Pa-in
A13: 46066 | B13: =SUMIFS('OEE AHV'!J:J,'OEE AHV'!$B:$B,'AHV-05'!$A13,'OEE AHV'!$D:$D,'AHV-05'!$A$1) -> 113.59831 | C13: =AVERAGEIF($B:$B,">0") -> 103.10476 | D13: =ROUNDDOWN((K13/750)+(F13/240)+(F13/240),"0") -> 36 | E13: =AVERAGEIF($D:$D,">0") -> 32.541667 | F13: =SUMIFS('OEE AHV'!M:M,'OEE AHV'!$B:$B,'AHV-05'!$A13,'OEE AHV'!$D:$D,'AHV-05'!$A$1) -> 1326.4017 | G13: =ROUNDUP((1400-F13)-(F13*0.5%),"0") -> 67 | H13: =IFERROR(IF(AND(F13="",G13="")=TRUE,"",F13/(1440-G13)),"") -> 0.96606096 | I13: =I12 -> 0.95 | K13: =SUMIFS('OEE AHV'!Q:Q,'OEE AHV'!$B:$B,'AHV-05'!$A13,'OEE AHV'!$D:$D,'AHV-05'!$A$1) -> 19441 | L13: =IF(AND(J13="",K13="")=TRUE,"",IF(OR(J13="MMS",K13="MMS")=TRUE,"",IFERROR(K13/((F13*60)/J13),1))) -> 1 | M13: =M12 -> 0.99 | N13: - | O13: =IF(N13="","",IF(N13="MMS","",IFERROR((K13-N13)/K13,1))) -> 1 | P13: =P12 -> 1 | Q13: =IFERROR(IF(AND(H13="",L13="",O13="")=TRUE,"",IF(H13="",1,H13)*IF(L13="",1,L13)*IF(O13="",1,O13)),"") -> 0.96606096 | R13: =IFERROR(IF(AND(I13="",M13="",P13="")=TRUE,"",IF(I13="",1,I13)*IF(M13="",1,M13)*IF(P13="",1,P13)),"") -> 0.9405 | S13: =ROUNDUP((('AHV-05'!$F13/480)/3),"0") -> 1 | T13: =IFERROR(K13/S13,"") -> 19441 | U13: =U12 -> FY2025_MLS_Spindle Motor_Spindle Motor(FDB UNIT)_Bang Pa-in
A14: 46067 | B14: =SUMIFS('OEE AHV'!J:J,'OEE AHV'!$B:$B,'AHV-05'!$A14,'OEE AHV'!$D:$D,'AHV-05'!$A$1) -> 111.22396 | C14: =AVERAGEIF($B:$B,">0") -> 103.10476 | D14: =ROUNDDOWN((K14/750)+(F14/240)+(F14/240),"0") -> 36 | E14: =AVERAGEIF($D:$D,">0") -> 32.541667 | F14: =SUMIFS('OEE AHV'!M:M,'OEE AHV'!$B:$B,'AHV-05'!$A14,'OEE AHV'!$D:$D,'AHV-05'!$A$1) -> 1328.776 | G14: =ROUNDUP((1400-F14)-(F14*0.5%),"0") -> 65 | H14: =IFERROR(IF(AND(F14="",G14="")=TRUE,"",F14/(1440-G14)),"") -> 0.96638258 | I14: =I13 -> 0.95 | K14: =SUMIFS('OEE AHV'!Q:Q,'OEE AHV'!$B:$B,'AHV-05'!$A14,'OEE AHV'!$D:$D,'AHV-05'!$A$1) -> 18920 | L14: =IF(AND(J14="",K14="")=TRUE,"",IF(OR(J14="MMS",K14="MMS")=TRUE,"",IFERROR(K14/((F14*60)/J14),1))) -> 1 | M14: =M13 -> 0.99 | N14: - | O14: =IF(N14="","",IF(N14="MMS","",IFERROR((K14-N14)/K14,1))) -> 1 | P14: =P13 -> 1 | Q14: =IFERROR(IF(AND(H14="",L14="",O14="")=TRUE,"",IF(H14="",1,H14)*IF(L14="",1,L14)*IF(O14="",1,O14)),"") -> 0.96638258 | R14: =IFERROR(IF(AND(I14="",M14="",P14="")=TRUE,"",IF(I14="",1,I14)*IF(M14="",1,M14)*IF(P14="",1,P14)),"") -> 0.9405 | S14: =ROUNDUP((('AHV-05'!$F14/480)/3),"0") -> 1 | T14: =IFERROR(K14/S14,"") -> 18920 | U14: =U13 -> FY2025_MLS_Spindle Motor_Spindle Motor(FDB UNIT)_Bang Pa-in
... A25: 46080 | B25: =SUMIFS('OEE AHV'!J:J,'OEE AHV'!$B:$B,'AHV-05'!$A25,'OEE AHV'!$D:$D,'AHV-05'!$A$1) -> 106.57096 | C25: =AVERAGEIF($B:$B,">0") -> 103.10476 | D25: =ROUNDDOWN((K25/750)+(F25/240)+(F25/240),"0") -> 34 | E25: =AVERAGEIF($D:$D,">0") -> 32.541667 | F25: =SUMIFS('OEE AHV'!M:M,'OEE AHV'!$B:$B,'AHV-05'!$A25,'OEE AHV'!$D:$D,'AHV-05'!$A$1) -> 1333.429 | G25: =ROUNDUP((1400-F25)-(F25*0.5%),"0") -> 60 | H25: =IFERROR(IF(AND(F25="",G25="")=TRUE,"",F25/(1440-G25)),"") -> 0.96625292 | I25: =I24 -> 0.95 | K25: =SUMIFS('OEE AHV'!Q:Q,'OEE AHV'!$B:$B,'AHV-05'!$A25,'OEE AHV'!$D:$D,'AHV-05'!$A$1) -> 17899 | L25: =IF(AND(J25="",K25="")=TRUE,"",IF(OR(J25="MMS",K25="MMS")=TRUE,"",IFERROR(K25/((F25*60)/J25),1))) -> 1 | M25: =M24 -> 0.99 | N25: - | O25: =IF(N25="","",IF(N25="MMS","",IFERROR((K25-N25)/K25,1))) -> 1 | P25: =P24 -> 1 | Q25: =IFERROR(IF(AND(H25="",L25="",O25="")=TRUE,"",IF(H25="",1,H25)*IF(L25="",1,L25)*IF(O25="",1,O25)),"") -> 0.96625292 | R25: =IFERROR(IF(AND(I25="",M25="",P25="")=TRUE,"",IF(I25="",1,I25)*IF(M25="",1,M25)*IF(P25="",1,P25)),"") -> 0.9405 | S25: =ROUNDUP((('AHV-05'!$F25/480)/3),"0") -> 1 | T25: =IFERROR(K25/S25,"") -> 17899 | U25: =U24 -> FY2025_MLS_Spindle Motor_Spindle Motor(FDB UNIT)_Bang Pa-in

Sheet AHV-06
A1: AHV-06 | B1: Choko tei Duration[min] /day | C1: Target Choko tei Duration[min] /day | D1: Choko tei Count /day | E1: Target Choko tei Count /day | F1: Run[min] /day | G1: Plan Stop[min] /day | H1: Availability[%] | I1: Target Availability[%] | J1: Target Cycletime[s] | K1: Production Q'ty /day | L1: Performance[%] | M1: Target Performance[%] | N1: 1st NG Q'ty /day | O1: Quality[%] | P1: Target Quality[%] | Q1: OEE[%] | R1: Target OEE[%] | S1: Man Power /day | T1: Productivity | U1: file_name
A2: 46055 | B2: =SUMIFS('OEE AHV'!J:J,'OEE AHV'!$B:$B,'AHV-06'!$A2,'OEE AHV'!$D:$D,'AHV-06'!$A$1) -> 73.954427 | C2: =AVERAGEIF($B:$B,">0") -> 101.34261 | D2: =ROUNDDOWN((K2/750)+(F2/240)+(F2/240),"0") -> 25 | E2: =AVERAGEIF($D:$D,">0") -> 32.625 | F2: =SUMIFS('OEE AHV'!M:M,'OEE AHV'!$B:$B,'AHV-06'!$A2,'OEE AHV'!$D:$D,'AHV-06'!$A$1) -> 1366.0456 | G2: =ROUNDUP((1400-F2)-(F2*0.5%),"0") -> 28 | H2: =IFERROR(IF(AND(F2="",G2="")=TRUE,"",F2/(1440-G2)),"") -> 0.96745437 | I2: =95% -> 0.95 | K2: =SUMIFS('OEE AHV'!Q:Q,'OEE AHV'!$B:$B,'AHV-06'!$A2,'OEE AHV'!$D:$D,'AHV-06'!$A$1) -> 10742 | L2: =IF(AND(J2="",K2="")=TRUE,"",IF(OR(J2="MMS",K2="MMS")=TRUE,"",IFERROR(K2/((F2*60)/J2),1))) -> 1 | M2: =99% -> 0.99 | N2: - | O2: =IF(N2="","",IF(N2="MMS","",IFERROR((K2-N2)/K2,1))) -> 1 | P2: =100% -> 1 | Q2: =IFERROR(IF(AND(H2="",L2="",O2="")=TRUE,"",IF(H2="",1,H2)*IF(L2="",1,L2)*IF(O2="",1,O2)),"") -> 0.96745437 | R2: =IFERROR(IF(AND(I2="",M2="",P2="")=TRUE,"",IF(I2="",1,I2)*IF(M2="",1,M2)*IF(P2="",1,P2)),"") -> 0.9405 | S2: =ROUNDUP((('AHV-06'!$F2/480)/3),"0") -> 1 | T2: =IFERROR(K2/S2,"") -> 10742 | U2: FY2025_MLS_Spindle Motor_Spindle Motor(FDB UNIT)_Bang Pa-in
A3: 46056 | B3: =SUMIFS('OEE AHV'!J:J,'OEE AHV'!$B:$B,'AHV-06'!$A3,'OEE AHV'!$D:$D,'AHV-06'!$A$1) -> 80.88151 | C3: =AVERAGEIF($B:$B,">0") -> 101.34261 | D3: =ROUNDDOWN((K3/750)+(F3/240)+(F3/240),"0") -> 27 | E3: =AVERAGEIF($D:$D,">0") -> 32.625 | F3: =SUMIFS('OEE AHV'!M:M,'OEE AHV'!$B:$B,'AHV-06'!$A3,'OEE AHV'!$D:$D,'AHV-06'!$A$1) -> 1359.1185 | G3: =ROUNDUP((1400-F3)-(F3*0.5%),"0") -> 35 | H3: =IFERROR(IF(AND(F3="",G3="")=TRUE,"",F3/(1440-G3)),"") -> 0.96734412 | I3: =I2 -> 0.95 | K3: =SUMIFS('OEE AHV'!Q:Q,'OEE AHV'!$B:$B,'AHV-06'!$A3,'OEE AHV'!$D:$D,'AHV-06'!$A$1) -> 12262 | L3: =IF(AND(J3="",K3="")=TRUE,"",IF(OR(J3="MMS",K3="MMS")=TRUE,"",IFERROR(K3/((F3*60)/J3),1))) -> 1 | M3: =M2 -> 0.99 | N3: - | O3: =IF(N3="","",IF(N3="MMS","",IFERROR((K3-N3)/K3,1))) -> 1 | P3: =P2 -> 1 | Q3: =IFERROR(IF(AND(H3="",L3="",O3="")=TRUE,"",IF(H3="",1,H3)*IF(L3="",1,L3)*IF(O3="",1,O3)),"") -> 0.96734412 | R3: =IFERROR(IF(AND(I3="",M3="",P3="")=TRUE,"",IF(I3="",1,I3)*IF(M3="",1,M3)*IF(P3="",1,P3)),"") -> 0.9405 | S3: =ROUNDUP((('AHV-06'!$F3/480)/3),"0") -> 1 | T3: =IFERROR(K3/S3,"") -> 12262 | U3: =U2 -> FY2025_MLS_Spindle Motor_Spindle Motor(FDB UNIT)_Bang Pa-in
A4: 46057 | B4: =SUMIFS('OEE AHV'!J:J,'OEE AHV'!$B:$B,'AHV-06'!$A4,'OEE AHV'!$D:$D,'AHV-06'!$A$1) -> 101.88151 | C4: =AVERAGEIF($B:$B,">0") -> 101.34261 | D4: =ROUNDDOWN((K4/750)+(F4/240)+(F4/240),"0") -> 33 | E4: =AVERAGEIF($D:$D,">0") -> 32.625 | F4: =SUMIFS('OEE AHV'!M:M,'OEE AHV'!$B:$B,'AHV-06'!$A4,'OEE AHV'!$D:$D,'AHV-06'!$A$1) -> 1338.1185 | G4: =ROUNDUP((1400-F4)-(F4*0.5%),"0") -> 56 | H4: =IFERROR(IF(AND(F4="",G4="")=TRUE,"",F4/(1440-G4)),"") -> 0.96684862 | I4: =I3 -> 0.95 | K4: =SUMIFS('OEE AHV'!Q:Q,'OEE AHV'!$B:$B,'AHV-06'!$A4,'OEE AHV'!$D:$D,'AHV-06'!$A$1) -> 16870 | L4: =IF(AND(J4="",K4="")=TRUE,"",IF(OR(J4="MMS",K4="MMS")=TRUE,"",IFERROR(K4/((F4*60)/J4),1))) -> 1 | M4: =M3 -> 0.99 | N4: - | O4: =IF(N4="","",IF(N4="MMS","",IFERROR((K4-N4)/K4,1))) -> 1 | P4: =P3 -> 1 | Q4: =IFERROR(IF(AND(H4="",L4="",O4="")=TRUE,"",IF(H4="",1,H4)*IF(L4="",1,L4)*IF(O4="",1,O4)),"") -> 0.96684862 | R4: =IFERROR(IF(AND(I4="",M4="",P4="")=TRUE,"",IF(I4="",1,I4)*IF(M4="",1,M4)*IF(P4="",1,P4)),"") -> 0.9405 | S4: =ROUNDUP((('AHV-06'!$F4/480)/3),"0") -> 1 | T4: =IFERROR(K4/S4,"") -> 16870 | U4: =U3 -> FY2025_MLS_Spindle Motor_Spindle Motor(FDB UNIT)_Bang Pa-in
A5: 46058 | B5: =SUMIFS('OEE AHV'!J:J,'OEE AHV'!$B:$B,'AHV-06'!$A5,'OEE AHV'!$D:$D,'AHV-06'!$A$1) -> 106.57096 | C5: =AVERAGEIF($B:$B,">0") -> 101.34261 | D5: =ROUNDDOWN((K5/750)+(F5/240)+(F5/240),"0") -> 34 | E5: =AVERAGEIF($D:$D,">0") -> 32.625 | F5: =SUMIFS('OEE AHV'!M:M,'OEE AHV'!$B:$B,'AHV-06'!$A5,'OEE AHV'!$D:$D,'AHV-06'!$A$1) -> 1333.429 | G5: =ROUNDUP((1400-F5)-(F5*0.5%),"0") -> 60 | H5: =IFERROR(IF(AND(F5="",G5="")=TRUE,"",F5/(1440-G5)),"") -> 0.96625292 | I5: =I4 -> 0.95 | K5: =SUMIFS('OEE AHV'!Q:Q,'OEE AHV'!$B:$B,'AHV-06'!$A5,'OEE AHV'!$D:$D,'AHV-06'!$A$1) -> 17899 | L5: =IF(AND(J5="",K5="")=TRUE,"",IF(OR(J5="MMS",K5="MMS")=TRUE,"",IFERROR(K5/((F5*60)/J5),1))) -> 1 | M5: =M4 -> 0.99 | N5: - | O5: =IF(N5="","",IF(N5="MMS","",IFERROR((K5-N5)/K5,1))) -> 1 | P5: =P4 -> 1 | Q5: =IFERROR(IF(AND(H5="",L5="",O5="")=TRUE,"",IF(H5="",1,H5)*IF(L5="",1,L5)*IF(O5="",1,O5)),"") -> 0.96625292 | R5: =IFERROR(IF(AND(I5="",M5="",P5="")=TRUE,"",IF(I5="",1,I5)*IF(M5="",1,M5)*IF(P5="",1,P5)),"") -> 0.9405 | S5: =ROUNDUP((('AHV-06'!$F5/480)/3),"0") -> 1 | T5: =IFERROR(K5/S5,"") -> 17899 | U5: =U4 -> FY2025_MLS_Spindle Motor_Spindle Motor(FDB UNIT)_Bang Pa-in
A6: 46059 | B6: =SUMIFS('OEE AHV'!J:J,'OEE AHV'!$B:$B,'AHV-06'!$A6,'OEE AHV'!$D:$D,'AHV-06'!$A$1) -> 108.90885 | C6: =AVERAGEIF($B:$B,">0") -> 101.34261 | D6: =ROUNDDOWN((K6/750)+(F6/240)+(F6/240),"0") -> 35 | E6: =AVERAGEIF($D:$D,">0") -> 32.625 | F6: =SUMIFS('OEE AHV'!M:M,'OEE AHV'!$B:$B,'AHV-06'!$A6,'OEE AHV'!$D:$D,'AHV-06'!$A$1) -> 1331.0911 | G6: =ROUNDUP((1400-F6)-(F6*0.5%),"0") -> 63 | H6: =IFERROR(IF(AND(F6="",G6="")=TRUE,"",F6/(1440-G6)),"") -> 0.96666024 | I6: =I5 -> 0.95 | K6: =SUMIFS('OEE AHV'!Q:Q,'OEE AHV'!$B:$B,'AHV-06'!$A6,'OEE AHV'!$D:$D,'AHV-06'!$A$1) -> 18412 | L6: =IF(AND(J6="",K6="")=TRUE,"",IF(OR(J6="MMS",K6="MMS")=TRUE,"",IFERROR(K6/((F6*60)/J6),1))) -> 1 | M6: =M5 -> 0.99 | N6: - | O6: =IF(N6="","",IF(N6="MMS","",IFERROR((K6-N6)/K6,1))) -> 1 | P6: =P5 -> 1 | Q6: =IFERROR(IF(AND(H6="",L6="",O6="")=TRUE,"",IF(H6="",1,H6)*IF(L6="",1,L6)*IF(O6="",1,O6)),"") -> 0.96666024 | R6: =IFERROR(IF(AND(I6="",M6="",P6="")=TRUE,"",IF(I6="",1,I6)*IF(M6="",1,M6)*IF(P6="",1,P6)),"") -> 0.9405 | S6: =ROUNDUP((('AHV-06'!$F6/480)/3),"0") -> 1 | T6: =IFERROR(K6/S6,"") -> 18412 | U6: =U5 -> FY2025_MLS_Spindle Motor_Spindle Motor(FDB UNIT)_Bang Pa-in
A7: 46060 | B7: =SUMIFS('OEE AHV'!J:J,'OEE AHV'!$B:$B,'AHV-06'!$A7,'OEE AHV'!$D:$D,'AHV-06'!$A$1) -> 111.27865 | C7: =AVERAGEIF($B:$B,">0") -> 101.34261 | D7: =ROUNDDOWN((K7/750)+(F7/240)+(F7/240),"0") -> 36 | E7: =AVERAGEIF($D:$D,">0") -> 32.625 | F7: =SUMIFS('OEE AHV'!M:M,'OEE AHV'!$B:$B,'AHV-06'!$A7,'OEE AHV'!$D:$D,'AHV-06'!$A$1) -> 1328.7214 | G7: =ROUNDUP((1400-F7)-(F7*0.5%),"0") -> 65 | H7: =IFERROR(IF(AND(F7="",G7="")=TRUE,"",F7/(1440-G7)),"") -> 0.9663428 | I7: =I6 -> 0.95 | K7: =SUMIFS('OEE AHV'!Q:Q,'OEE AHV'!$B:$B,'AHV-06'!$A7,'OEE AHV'!$D:$D,'AHV-06'!$A$1) -> 18932 | L7: =IF(AND(J7="",K7="")=TRUE,"",IF(OR(J7="MMS",K7="MMS")=TRUE,"",IFERROR(K7/((F7*60)/J7),1))) -> 1 | M7: =M6 -> 0.99 | N7: - | O7: =IF(N7="","",IF(N7="MMS","",IFERROR((K7-N7)/K7,1))) -> 1 | P7: =P6 -> 1 | Q7: =IFERROR(IF(AND(H7="",L7="",O7="")=TRUE,"",IF(H7="",1,H7)*IF(L7="",1,L7)*IF(O7="",1,O7)),"") -> 0.9663428 | R7: =IFERROR(IF(AND(I7="",M7="",P7="")=TRUE,"",IF(I7="",1,I7)*IF(M7="",1,M7)*IF(P7="",1,P7)),"") -> 0.9405 | S7: =ROUNDUP((('AHV-06'!$F7/480)/3),"0") -> 1 | T7: =IFERROR(K7/S7,"") -> 18932 | U7: =U6 -> FY2025_MLS_Spindle Motor_Spindle Motor(FDB UNIT)_Bang Pa-in
A8: 46061 | B8: =SUMIFS('OEE AHV'!J:J,'OEE AHV'!$B:$B,'AHV-06'!$A8,'OEE AHV'!$D:$D,'AHV-06'!$A$1) -> 48.30599 | C8: =AVERAGEIF($B:$B,">0") -> 101.34261 | D8: =ROUNDDOWN((K8/750)+(F8/240)+(F8/240),"0") -> 12 | E8: =AVERAGEIF($D:$D,">0") -> 32.625 | F8: =SUMIFS('OEE AHV'!M:M,'OEE AHV'!$B:$B,'AHV-06'!$A8,'OEE AHV'!$D:$D,'AHV-06'!$A$1) -> 671.69401 | G8: =ROUNDUP((1400-F8)-(F8*0.5%),"0") -> 725 | H8: =IFERROR(IF(AND(F8="",G8="")=TRUE,"",F8/(1440-G8)),"") -> 0.93943218 | I8: =I7 -> 0.95 | K8: =SUMIFS('OEE AHV'!Q:Q,'OEE AHV'!$B:$B,'AHV-06'!$A8,'OEE AHV'!$D:$D,'AHV-06'!$A$1) -> 5114 | L8: =IF(AND(J8="",K8="")=TRUE,"",IF(OR(J8="MMS",K8="MMS")=TRUE,"",IFERROR(K8/((F8*60)/J8),1))) -> 1 | M8: =M7 -> 0.99 | N8: - | O8: =IF(N8="","",IF(N8="MMS","",IFERROR((K8-N8)/K8,1))) -> 1 | P8: =P7 -> 1 | Q8: =IFERROR(IF(AND(H8="",L8="",O8="")=TRUE,"",IF(H8="",1,H8)*IF(L8="",1,L8)*IF(O8="",1,O8)),"") -> 0.93943218 | R8: =IFERROR(IF(AND(I8="",M8="",P8="")=TRUE,"",IF(I8="",1,I8)*IF(M8="",1,M8)*IF(P8="",1,P8)),"") -> 0.9405 | S8: =ROUNDUP((('AHV-06'!$F8/480)/3),"0") -> 1 | T8: =IFERROR(K8/S8,"") -> 5114 | U8: =U7 -> FY2025_MLS_Spindle Motor_Spindle Motor(FDB UNIT)_Bang Pa-in
A9: 46062 | B9: =SUMIFS('OEE AHV'!J:J,'OEE AHV'!$B:$B,'AHV-06'!$A9,'OEE AHV'!$D:$D,'AHV-06'!$A$1) -> 101.84049 | C9: =AVERAGEIF($B:$B,">0") -> 101.34261 | D9: =ROUNDDOWN((K9/750)+(F9/240)+(F9/240),"0") -> 33 | E9: =AVERAGEIF($D:$D,">0") -> 32.625 | F9: =SUMIFS('OEE AHV'!M:M,'OEE AHV'!$B:$B,'AHV-06'!$A9,'OEE AHV'!$D:$D,'AHV-06'!$A$1) -> 1338.1595 | G9: =ROUNDUP((1400-F9)-(F9*0.5%),"0") -> 56 | H9: =IFERROR(IF(AND(F9="",G9="")=TRUE,"",F9/(1440-G9)),"") -> 0.96687826 | I9: =I8 -> 0.95 | K9: =SUMIFS('OEE AHV'!Q:Q,'OEE AHV'!$B:$B,'AHV-06'!$A9,'OEE AHV'!$D:$D,'AHV-06'!$A$1) -> 16861 | L9: =IF(AND(J9="",K9="")=TRUE,"",IF(OR(J9="MMS",K9="MMS")=TRUE,"",IFERROR(K9/((F9*60)/J9),1))) -> 1 | M9: =M8 -> 0.99 | N9: - | O9: =IF(N9="","",IF(N9="MMS","",IFERROR((K9-N9)/K9,1))) -> 1 | P9: =P8 -> 1 | Q9: =IFERROR(IF(AND(H9="",L9="",O9="")=TRUE,"",IF(H9="",1,H9)*IF(L9="",1,L9)*IF(O9="",1,O9)),"") -> 0.96687826 | R9: =IFERROR(IF(AND(I9="",M9="",P9="")=TRUE,"",IF(I9="",1,I9)*IF(M9="",1,M9)*IF(P9="",1,P9)),"") -> 0.9405 | S9: =ROUNDUP((('AHV-06'!$F9/480)/3),"0") -> 1 | T9: =IFERROR(K9/S9,"") -> 16861 | U9: =U8 -> FY2025_MLS_Spindle Motor_Spindle Motor(FDB UNIT)_Bang Pa-in
A10: 46063 | B10: =SUMIFS('OEE AHV'!J:J,'OEE AHV'!$B:$B,'AHV-06'!$A10,'OEE AHV'!$D:$D,'AHV-06'!$A$1) -> 97.278646 | C10: =AVERAGEIF($B:$B,">0") -> 101.34261 | D10: =ROUNDDOWN((K10/750)+(F10/240)+(F10/240),"0") -> 32 | E10: =AVERAGEIF($D:$D,">0") -> 32.625 | F10: =SUMIFS('OEE AHV'!M:M,'OEE AHV'!$B:$B,'AHV-06'!$A10,'OEE AHV'!$D:$D,'AHV-06'!$A$1) -> 1342.7214 | G10: =ROUNDUP((1400-F10)-(F10*0.5%),"0") -> 51 | H10: =IFERROR(IF(AND(F10="",G10="")=TRUE,"",F10/(1440-G10)),"") -> 0.96668204 | I10: =I9 -> 0.95 | K10: =SUMIFS('OEE AHV'!Q:Q,'OEE AHV'!$B:$B,'AHV-06'!$A10,'OEE AHV'!$D:$D,'AHV-06'!$A$1) -> 15860 | L10: =IF(AND(J10="",K10="")=TRUE,"",IF(OR(J10="MMS",K10="MMS")=TRUE,"",IFERROR(K10/((F10*60)/J10),1))) -> 1 | M10: =M9 -> 0.99 | N10: - | O10: =IF(N10="","",IF(N10="MMS","",IFERROR((K10-N10)/K10,1))) -> 1 | P10: =P9 -> 1 | Q10: =IFERROR(IF(AND(H10="",L10="",O10="")=TRUE,"",IF(H10="",1,H10)*IF(L10="",1,L10)*IF(O10="",1,O10)),"") -> 0.96668204 | R10: =IFERROR(IF(AND(I10="",M10="",P10="")=TRUE,"",IF(I10="",1,I10)*IF(M10="",1,M10)*IF(P10="",1,P10)),"") -> 0.9405 | S10: =ROUNDUP((('AHV-06'!$F10/480)/3),"0") -> 1 | T10: =IFERROR(K10/S10,"") -> 15860 | U10: =U9 -> FY2025_MLS_Spindle Motor_Spindle Motor(FDB UNIT)_Bang Pa-in
A11: 46064 | B11: =SUMIFS('OEE AHV'!J:J,'OEE AHV'!$B:$B,'AHV-06'!$A11,'OEE AHV'!$D:$D,'AHV-06'!$A$1) -> 101.85872 | C11: =AVERAGEIF($B:$B,">0") -> 101.34261 | D11: =ROUNDDOWN((K11/750)+(F11/240)+(F11/240),"0") -> 33 | E11: =AVERAGEIF($D:$D,">0") -> 32.625 | F11: =SUMIFS('OEE AHV'!M:M,'OEE AHV'!$B:$B,'AHV-06'!$A11,'OEE AHV'!$D:$D,'AHV-06'!$A$1) -> 1338.1413 | G11: =ROUNDUP((1400-F11)-(F11*0.5%),"0") -> 56 | H11: =IFERROR(IF(AND(F11="",G11="")=TRUE,"",F11/(1440-G11)),"") -> 0.96686508 | I11: =I10 -> 0.95 | K11: =SUMIFS('OEE AHV'!Q:Q,'OEE AHV'!$B:$B,'AHV-06'!$A11,'OEE AHV'!$D:$D,'AHV-06'!$A$1) -> 16865 | L11: =IF(AND(J11="",K11="")=TRUE,"",IF(OR(J11="MMS",K11="MMS")=TRUE,"",IFERROR(K11/((F11*60)/J11),1))) -> 1 | M11: =M10 -> 0.99 | N11: - | O11: =IF(N11="","",IF(N11="MMS","",IFERROR((K11-N11)/K11,1))) -> 1 | P11: =P10 -> 1 | Q11: =IFERROR(IF(AND(H11="",L11="",O11="")=TRUE,"",IF(H11="",1,H11)*IF(L11="",1,L11)*IF(O11="",1,O11)),"") -> 0.96686508 | R11: =IFERROR(IF(AND(I11="",M11="",P11="")=TRUE,"",IF(I11="",1,I11)*IF(M11="",1,M11)*IF(P11="",1,P11)),"") -> 0.9405 | S11: =ROUNDUP((('AHV-06'!$F11/480)/3),"0") -> 1 | T11: =IFERROR(K11/S11,"") -> 16865 | U11: =U10 -> FY2025_MLS_Spindle Motor_Spindle Motor(FDB UNIT)_Bang Pa-in
A12: 46065 | B12: =SUMIFS('OEE AHV'!J:J,'OEE AHV'!$B:$B,'AHV-06'!$A12,'OEE AHV'!$D:$D,'AHV-06'!$A$1) -> 111.27409 | C12: =AVERAGEIF($B:$B,">0") -> 101.34261 | D12: =ROUNDDOWN((K12/750)+(F12/240)+(F12/240),"0") -> 36 | E12: =AVERAGEIF($D:$D,">0") -> 32.625 | F12: =SUMIFS('OEE AHV'!M:M,'OEE AHV'!$B:$B,'AHV-06'!$A12,'OEE AHV'!$D:$D,'AHV-06'!$A$1) -> 1328.7259 | G12: =ROUNDUP((1400-F12)-(F12*0.5%),"0") -> 65 | H12: =IFERROR(IF(AND(F12="",G12="")=TRUE,"",F12/(1440-G12)),"") -> 0.96634612 | I12: =I11 -> 0.95 | K12: =SUMIFS('OEE AHV'!Q:Q,'OEE AHV'!$B:$B,'AHV-06'!$A12,'OEE AHV'!$D:$D,'AHV-06'!$A$1) -> 18931 | L12: =IF(AND(J12="",K12="")=TRUE,"",IF(OR(J12="MMS",K12="MMS")=TRUE,"",IFERROR(K12/((F12*60)/J12),1))) -> 1 | M12: =M11 -> 0.99 | N12: - | O12: =IF(N12="","",IF(N12="MMS","",IFERROR((K12-N12)/K12,1))) -> 1 | P12: =P11 -> 1 | Q12: =IFERROR(IF(AND(H12="",L12="",O12="")=TRUE,"",IF(H12="",1,H12)*IF(L12="",1,L12)*IF(O12="",1,O12)),"") -> 0.96634612 | R12: =IFERROR(IF(AND(I12="",M12="",P12="")=TRUE,"",IF(I12="",1,I12)*IF(M12="",1,M12)*IF(P12="",1,P12)),"") -> 0.9405 | S12: =ROUNDUP((('AHV-06'!$F12/480)/3),"0") -> 1 | T12: =IFERROR(K12/S12,"") -> 18931 | U12: =U11 -> FY2025_MLS_Spindle Motor_Spindle Motor(FDB UNIT)_Bang Pa-in
A13: 46066 | B13: =SUMIFS('OEE AHV'!J:J,'OEE AHV'!$B:$B,'AHV-06'!$A13,'OEE AHV'!$D:$D,'AHV-06'!$A$1) -> 111.21484 | C13: =AVERAGEIF($B:$B,">0") -> 101.34261 | D13: =ROUNDDOWN((K13/750)+(F13/240)+(F13/240),"0") -> 36 | E13: =AVERAGEIF($D:$D,">0") -> 32.625 | F13: =SUMIFS('OEE AHV'!M:M,'OEE AHV'!$B:$B,'AHV-06'!$A13,'OEE AHV'!$D:$D,'AHV-06'!$A$1) -> 1328.7852 | G13: =ROUNDUP((1400-F13)-(F13*0.5%),"0") -> 65 | H13: =IFERROR(IF(AND(F13="",G13="")=TRUE,"",F13/(1440-G13)),"") -> 0.9663892 | I13: =I12 -> 0.95 | K13: =SUMIFS('OEE AHV'!Q:Q,'OEE AHV'!$B:$B,'AHV-06'!$A13,'OEE AHV'!$D:$D,'AHV-06'!$A$1) -> 18918 | L13: =IF(AND(J13="",K13="")=TRUE,"",IF(OR(J13="MMS",K13="MMS")=TRUE,"",IFERROR(K13/((F13*60)/J13),1))) -> 1 | M13: =M12 -> 0.99 | N13: - | O13: =IF(N13="","",IF(N13="MMS","",IFERROR((K13-N13)/K13,1))) -> 1 | P13: =P12 -> 1 | Q13: =IFERROR(IF(AND(H13="",L13="",O13="")=TRUE,"",IF(H13="",1,H13)*IF(L13="",1,L13)*IF(O13="",1,O13)),"") -> 0.9663892 | R13: =IFERROR(IF(AND(I13="",M13="",P13="")=TRUE,"",IF(I13="",1,I13)*IF(M13="",1,M13)*IF(P13="",1,P13)),"") -> 0.9405 | S13: =ROUNDUP((('AHV-06'!$F13/480)/3),"0") -> 1 | T13: =IFERROR(K13/S13,"") -> 18918 | U13: =U12 -> FY2025_MLS_Spindle Motor_Spindle Motor(FDB UNIT)_Bang Pa-in
A14: 46067 | B14: =SUMIFS('OEE AHV'!J:J,'OEE AHV'!$B:$B,'AHV-06'!$A14,'OEE AHV'!$D:$D,'AHV-06'!$A$1) -> 111.25586 | C14: =AVERAGEIF($B:$B,">0") -> 101.34261 | D14: =ROUNDDOWN((K14/750)+(F14/240)+(F14/240),"0") -> 36 | E14: =AVERAGEIF($D:$D,">0") -> 32.625 | F14: =SUMIFS('OEE AHV'!M:M,'OEE AHV'!$B:$B,'AHV-06'!$A14,'OEE AHV'!$D:$D,'AHV-06'!$A$1) -> 1328.7441 | G14: =ROUNDUP((1400-F14)-(F14*0.5%),"0") -> 65 | H14: =IFERROR(IF(AND(F14="",G14="")=TRUE,"",F14/(1440-G14)),"") -> 0.96635938 | I14: =I13 -> 0.95 | K14: =SUMIFS('OEE AHV'!Q:Q,'OEE AHV'!$B:$B,'AHV-06'!$A14,'OEE AHV'!$D:$D,'AHV-06'!$A$1) -> 18927 | L14: =IF(AND(J14="",K14="")=TRUE,"",IF(OR(J14="MMS",K14="MMS")=TRUE,"",IFERROR(K14/((F14*60)/J14),1))) -> 1 | M14: =M13 -> 0.99 | N14: - | O14: =IF(N14="","",IF(N14="MMS","",IFERROR((K14-N14)/K14,1))) -> 1 | P14: =P13 -> 1 | Q14: =IFERROR(IF(AND(H14="",L14="",O14="")=TRUE,"",IF(H14="",1,H14)*IF(L14="",1,L14)*IF(O14="",1,O14)),"") -> 0.96635938 | R14: =IFERROR(IF(AND(I14="",M14="",P14="")=TRUE,"",IF(I14="",1,I14)*IF(M14="",1,M14)*IF(P14="",1,P14)),"") -> 0.9405 | S14: =ROUNDUP((('AHV-06'!$F14/480)/3),"0") -> 1 | T14: =IFERROR(K14/S14,"") -> 18927 | U14: =U13 -> FY2025_MLS_Spindle Motor_Spindle Motor(FDB UNIT)_Bang Pa-in
... A25: 46080 | B25: =SUMIFS('OEE AHV'!J:J,'OEE AHV'!$B:$B,'AHV-06'!$A25,'OEE AHV'!$D:$D,'AHV-06'!$A$1) -> 104.2832 | C25: =AVERAGEIF($B:$B,">0") -> 101.34261 | D25: =ROUNDDOWN((K25/750)+(F25/240)+(F25/240),"0") -> 33 | E25: =AVERAGEIF($D:$D,">0") -> 32.625 | F25: =SUMIFS('OEE AHV'!M:M,'OEE AHV'!$B:$B,'AHV-06'!$A25,'OEE AHV'!$D:$D,'AHV-06'!$A$1) -> 1215.7168 | G25: =ROUNDUP((1400-F25)-(F25*0.5%),"0") -> 179 | H25: =IFERROR(IF(AND(F25="",G25="")=TRUE,"",F25/(1440-G25)),"") -> 0.96408945 | I25: =I24 -> 0.95 | K25: =SUMIFS('OEE AHV'!Q:Q,'OEE AHV'!$B:$B,'AHV-06'!$A25,'OEE AHV'!$D:$D,'AHV-06'!$A$1) -> 17397 | L25: =IF(AND(J25="",K25="")=TRUE,"",IF(OR(J25="MMS",K25="MMS")=TRUE,"",IFERROR(K25/((F25*60)/J25),1))) -> 1 | M25: =M24 -> 0.99 | N25: - | O25: =IF(N25="","",IF(N25="MMS","",IFERROR((K25-N25)/K25,1))) -> 1 | P25: =P24 -> 1 | Q25: =IFERROR(IF(AND(H25="",L25="",O25="")=TRUE,"",IF(H25="",1,H25)*IF(L25="",1,L25)*IF(O25="",1,O25)),"") -> 0.96408945 | R25: =IFERROR(IF(AND(I25="",M25="",P25="")=TRUE,"",IF(I25="",1,I25)*IF(M25="",1,M25)*IF(P25="",1,P25)),"") -> 0.9405 | S25: =ROUNDUP((('AHV-06'!$F25/480)/3),"0") -> 1 | T25: =IFERROR(K25/S25,"") -> 17397 | U25: =U24 -> FY2025_MLS_Spindle Motor_Spindle Motor(FDB UNIT)_Bang Pa-in

Sheet Downtime record
A1: Date | B1: M/C | C1: Case downtime | D1: start | E1: Finist | F1: total Downtime hours. | G1: Column1 | H1: Short time count (30 SEC.) | I1: M/C2 | J1: Count Minute | K1: ปัญหาที่เกิด | L1: วิธีการแก้ไข
A2: 46055 | B2: AHV-01 | C2: Wait part | D2: 0.38888889 | E2: 0.45138889 | F2: =+(E2-D2) -> 0.0625 | G2: =INT(F2*1440) -> 90 | J2: =INT([2]DOWNTIME!$F2*1440) -> 40
A3: 46055 | B3: AHV-01 | C3: Wait part | D3: 0.85416667 | E3: 0.89583333 | F3: =+(E3-D3) -> 0.041666667 | G3: =INT(F3*1440) -> 60 | J3: =INT([2]DOWNTIME!$F3*1440) -> 70
A4: 46055 | B4: AHV-01 | C4: Wait part | D4: 0.065972222 | E4: 0.079861111 | F4: =+(E4-D4) -> 0.013888889 | G4: =INT(F4*1440) -> 20 | J4: =INT([2]DOWNTIME!$F4*1440) -> 30
A5: 46055 | B5: AHV-01 | C5: Wait part | D5: 0.125 | E5: 0.14583333 | F5: =+(E5-D5) -> 0.020833333 | G5: =INT(F5*1440) -> 30 | J5: =INT([2]DOWNTIME!$F5*1440) -> 40
A6: 46055 | B6: AHV-01 | C6: Wait part | D6: 0.25694444 | E6: 0.27083333 | F6: =+(E6-D6) -> 0.013888889 | G6: =INT(F6*1440) -> 19
A7: 46056 | B7: AHV-01 | C7: Wait part | D7: 0.35416667 | E7: 0.38055556 | F7: =+(E7-D7) -> 0.026388889 | G7: =INT(F7*1440) -> 37 | J7: =INT([2]DOWNTIME!$F6*1440) -> 160
A8: 46056 | B8: AHV-01 | C8: Wait part | D8: 0.46180556 | E8: 0.48888889 | F8: =+(E8-D8) -> 0.027083333 | G8: =INT(F8*1440) -> 38 | J8: =INT([2]DOWNTIME!$F7*1440) -> 55
A9: 46056 | B9: AHV-01 | C9: Wait part | D9: 0.61180556 | E9: 0.62986111 | F9: =+(E9-D9) -> 0.018055556 | G9: =INT(F9*1440) -> 25 | J9: =INT([2]DOWNTIME!$F8*1440) -> 160
A10: 46056 | B10: AHV-01 | C10: Wait part | D10: 0 | E10: 0.027777778 | F10: =+(E10-D10) -> 0.027777778 | G10: =INT(F10*1440) -> 40 | J10: =INT([2]DOWNTIME!$F9*1440) -> 105
A11: 46057 | B11: AHV-01 | C11: Adj. machine | D11: 0.41319444 | E11: 0.42361111 | F11: =+(E11-D11) -> 0.010416667 | G11: =INT(F11*1440) -> 15 | J11: =INT([2]DOWNTIME!$F10*1440) -> 160 | K11: ลดรูปภาพที่ save
A12: 46057 | B12: AHV-01 | C12: Wait part | D12: 0.70833333 | E12: 0.79166667 | F12: =+(E12-D12) -> 0.083333333 | G12: =INT(F12*1440) -> 120
A13: 46057 | B13: AHV-01 | C13: Wait part | D13: 0.83333333 | E13: 0.88888889 | F13: =+(E13-D13) -> 0.055555556 | G13: =INT(F13*1440) -> 79
A14: 46057 | B14: AHV-01 | C14: Wait part | D14: 0.0069444444 | E14: 0.034722222 | F14: =+(E14-D14) -> 0.027777778 | G14: =INT(F14*1440) -> 40
A15: 46055 | B15: AHV-02 | C15: Wait part | D15: 0.29166667 | E15: 0.46041667 | F15: =+(E15-D15) -> 0.16875 | G15: =INT(F15*1440) -> 243
A16: 46055 | B16: AHV-02 | C16: Wait part | D16: 0.79861111 | E16: 0.81944444 | F16: =+(E16-D16) -> 0.020833333 | G16: =INT(F16*1440) -> 30
A17: 46055 | B17: AHV-02 | C17: Wait part | D17: 0.85069444 | E17: 0.90972222 | F17: =+(E17-D17) -> 0.059027778 | G17: =INT(F17*1440) -> 84
A18: 46055 | B18: AHV-02 | C18: Wait part | D18: 0.9375 | E18: 0.95486111 | F18: =+(E18-D18) -> 0.017361111 | G18: =INT(F18*1440) -> 25
A19: 46055 | B19: AHV-02 | C19: Wait part | D19: 0.0625 | E19: 0.090277778 | F19: =+(E19-D19) -> 0.027777778 | G19: =INT(F19*1440) -> 40
A20: 46055 | B20: AHV-02 | C20: Wait part | D20: 0.21527778 | E20: 0.23263889 | F20: =+(E20-D20) -> 0.017361111 | G20: =INT(F20*1440) -> 25
A21: 46055 | B21: AHV-02 | C21: Wait part | D21: 0.26388889 | E21: 0.27083333 | F21: =+(E21-D21) -> 0.0069444444 | G21: =INT(F21*1440) -> 9
A22: 46056 | B22: AHV-02 | C22: Wait part | D22: 0.34791667 | E22: 0.37222222 | F22: =+(E22-D22) -> 0.024305556 | G22: =INT(F22*1440) -> 35
A23: 46056 | B23: AHV-02 | C23: Wait part | D23: 0.47222222 | E23: 0.48263889 | F23: =+(E23-D23) -> 0.010416667 | G23: =INT(F23*1440) -> 14
... A25: 46056 | B25: AHV-02 | C25: Wait part | D25: 0.81944444 | E25: 0.88541667 | F25: =+(E25-D25) -> 0.065972222 | G25: =INT(F25*1440) -> 94
A26: 46056 | B26: AHV-02 | C26: PT-Chuck miss alarm | D26: 0.083333333 | E26: 0.10069444 | F26: =+(E26-D26) -> 0.017361111 | G26: =INT(F26*1440) -> 25 | K26: Clear PT
A27: 46057 | B27: AHV-02 | C27: Adj. machine | D27: 0.39236111 | E27: 0.39930556 | F27: =+(E27-D27) -> 0.0069444444 | G27: =INT(F27*1440) -> 10 | K27: ลดจำนวนรูป save
A28: 46057 | B28: AHV-02 | C28: Wait part | D28: 0.64583333 | E28: 0.66666667 | F28: =+(E28-D28) -> 0.020833333 | G28: =INT(F28*1440) -> 29
A29: 46057 | B29: AHV-02 | C29: Wait part | D29: 0.72916667 | E29: 0.75 | F29: =+(E29-D29) -> 0.020833333 | G29: =INT(F29*1440) -> 30
A30: 46057 | B30: AHV-02 | C30: Wait part | D30: 0.79513889 | E30: 0.9375 | F30: =+(E30-D30) -> 0.14236111 | G30: =INT(F30*1440) -> 205
A31: 46055 | B31: AHV-03 | C31: Wait part | D31: 0.40555556 | E31: 0.45138889 | F31: =+(E31-D31) -> 0.045833333 | G31: =INT(F31*1440) -> 66
A32: 46055 | B32: AHV-03 | C32: PT-Chuck miss alarm | D32: 0.14583333 | E32: 0.14930556 | F32: =+(E32-D32) -> 0.0034722222 | G32: =INT(F32*1440) -> 4 | J32: =INT([2]DOWNTIME!$F32*1440) -> 45 | K32: Clear PT
A33: 46056 | B33: AHV-03 | C33: Wait part | D33: 0.51736111 | E33: 0.53125 | F33: =+(E33-D33) -> 0.013888889 | G33: =INT(F33*1440) -> 20 | J33: =INT([2]DOWNTIME!$F33*1440) -> 140
A34: 46057 | B34: AHV-03 | C34: Adj. machine | D34: 0.36458333 | E34: 0.38263889 | F34: =+(E34-D34) -> 0.018055556 | G34: =INT(F34*1440) -> 26 | J34: =INT([2]DOWNTIME!$F34*1440) -> 230 | K34: ลดจำนวนรูป save
A35: 46057 | B35: AHV-03 | C35: Wait part | D35: 0.75694444 | E35: 0.79166667 | F35: =+(E35-D35) -> 0.034722222 | G35: =INT(F35*1440) -> 49
A36: 46057 | B36: AHV-03 | C36: Wait part | D36: 0.79861111 | E36: 0.86458333 | F36: =+(E36-D36) -> 0.065972222 | G36: =INT(F36*1440) -> 95
A37: 46057 | B37: AHV-03 | C37: Wait part | D37: 0.010416667 | E37: 0.03125 | F37: =+(E37-D37) -> 0.020833333 | G37: =INT(F37*1440) -> 30 | J37: =INT([2]DOWNTIME!$F37*1440) -> 110
A38: 46055 | B38: AHV-06 | C38: Wait part | D38: 0.36111111 | E38: 0.45833333 | F38: =+(E38-D38) -> 0.097222222 | G38: =INT(F38*1440) -> 140 | J38: =INT([2]DOWNTIME!$F38*1440) -> 180
A39: 46055 | B39: AHV-06 | C39: Adj. machine | D39: 0.55902778 | E39: 0.79166667 | F39: =+(E39-D39) -> 0.23263889 | G39: =INT(F39*1440) -> 335
A40: 46055 | B40: AHV-06 | C40: Wait part | D40: 0.875 | E40: 0.9375 | F40: =+(E40-D40) -> 0.0625 | G40: =INT(F40*1440) -> 90
A41: 46055 | B41: AHV-06 | C41: Wait part | D41: 0.0625 | E41: 0.085416667 | F41: =+(E41-D41) -> 0.022916667 | G41: =INT(F41*1440) -> 33
A42: 46055 | B42: AHV-06 | C42: Wait part | D42: 0.21875 | E42: 0.22430556 | F42: =+(E42-D42) -> 0.0055555556 | G42: =INT(F42*1440) -> 8
A43: 46056 | B43: AHV-04 | C43: Adj. machine | D43: 0.39236111 | E43: 0.39583333 | F43: =+(E43-D43) -> 0.0034722222 | G43: =INT(F43*1440) -> 4
A44: 46056 | B44: AHV-04 | C44: Wait part | D44: 0.97916667 | E44: 0.98263889 | F44: =+(E44-D44) -> 0.0034722222 | G44: =INT(F44*1440) -> 4
A45: 46057 | B45: AHV-04 | C45: Adj. machine | D45: 0.36111111 | E45: 0.36458333 | F45: =+(E45-D45) -> 0.0034722222 | G45: =INT(F45*1440) -> 4 | K45: ลดจำนวนรูป save
A46: 46057 | B46: AHV-04 | C46: Wait part | D46: 0.79166667 | E46: 0.79861111 | F46: =+(E46-D46) -> 0.0069444444 | G46: =INT(F46*1440) -> 10
A47: 46057 | B47: AHV-04 | C47: Wait part | D47: 0.84861111 | E47: 0.86458333 | F47: =+(E47-D47) -> 0.015972222 | G47: =INT(F47*1440) -> 23
A48: 46057 | B48: AHV-04 | C48: PT-Z Over load | D48: 0.90625 | E48: 0.95138889 | F48: =+(E48-D48) -> 0.045138889 | G48: =INT(F48*1440) -> 64 | J48: =INT([2]DOWNTIME!$F48*1440) -> 85
A49: 46057 | B49: AHV-04 | C49: Wait part | D49: 0.18402778 | E49: 0.1875 | F49: =+(E49-D49) -> 0.0034722222 | G49: =INT(F49*1440) -> 4
A50: 46055 | B50: AHV-04 | C50: Wait part | D50: 0.32638889 | E50: 0.45833333 | F50: =+(E50-D50) -> 0.13194444 | G50: =INT(F50*1440) -> 190
A51: 46055 | B51: AHV-04 | C51: Wait part | D51: 0.078472222 | E51: 0.086805556 | F51: =+(E51-D51) -> 0.0083333333 | G51: =INT(F51*1440) -> 12
A52: 46056 | B52: AHV-05 | C52: Wait part | D52: 0.33333333 | E52: 0.36458333 | F52: =+(E52-D52) -> 0.03125 | G52: =INT(F52*1440) -> 45
A53: 46056 | B53: AHV-05 | C53: Adj. machine | D53: 0.38194444 | E53: 0.40277778 | F53: =+(E53-D53) -> 0.020833333 | G53: =INT(F53*1440) -> 30 | K53: Stop รอ Swaii
A54: 46056 | B54: AHV-05 | C54: Wait part | D54: 0.46944444 | E54: 0.56944444 | F54: =+(E54-D54) -> 0.1 | G54: =INT(F54*1440) -> 144
A55: 46056 | B55: AHV-05 | C55: Wait part | D55: 0.64930556 | E55: 0.71875 | F55: =+(E55-D55) -> 0.069444444 | G55: =INT(F55*1440) -> 100
A56: 46056 | B56: AHV-05 | C56: Wait part | D56: 0.83680556 | E56: 0.86111111 | F56: =+(E56-D56) -> 0.024305556 | G56: =INT(F56*1440) -> 35
A57: 46056 | B57: AHV-05 | C57: Adj. machine | D57: 0.12152778 | E57: 0.26388889 | F57: =+(E57-D57) -> 0.14236111 | G57: =INT(F57*1440) -> 205 | K57: Machine ค้าง | L57: ความจำ St.11 เต็ม
A58: 46057 | B58: AHV-05 | C58: Adj. machine | D58: 0.34722222 | E58: 0.36111111 | F58: =+(E58-D58) -> 0.013888889 | G58: =INT(F58*1440) -> 19 | K58: Stop machine | L58: ลดจำนวนรูป save
A59: 46057 | B59: AHV-05 | C59: PT-Chuck alarm | D59: 0.39583333 | E59: 0.39791667 | F59: =+(E59-D59) -> 0.0020833333 | G59: =INT(F59*1440) -> 3
A60: 46057 | B60: AHV-05 | C60: Adj. machine | D60: 0.5 | E60: 0.51041667 | F60: =+(E60-D60) -> 0.010416667 | G60: =INT(F60*1440) -> 14 | K60: Load program ST.11
A61: 46057 | B61: AHV-05 | C61: Adj. machine | D61: 0.57986111 | E61: 0.59027778 | F61: =+(E61-D61) -> 0.010416667 | G61: =INT(F61*1440) -> 15 | K61: Check data st.11
A62: 46057 | B62: AHV-05 | C62: Adj. machine | D62: 0.61458333 | E62: 0.625 | F62: =+(E62-D62) -> 0.010416667 | G62: =INT(F62*1440) -> 14 | K62: Stop over st.4 | L62: เปลี่ยนจาก tool AI เปลี่ยนเป็น Tool crack confirm master 12 มุม
A63: 46055 | B63: AHV-05 | C63: Wait part | D63: 0.38194444 | E63: 0.50694444 | F63: =+(E63-D63) -> 0.125 | G63: =INT(F63*1440) -> 180
A64: 46055 | B64: AHV-05 | C64: Wait part | D64: 0.54513889 | E64: 0.79166667 | F64: =+(E64-D64) -> 0.24652778 | G64: =INT(F64*1440) -> 355
A65: 46055 | B65: AHV-05 | C65: Wait part | D65: 0.85972222 | E65: 0.86319444 | F65: =+(E65-D65) -> 0.0034722222 | G65: =INT(F65*1440) -> 4
A66: 46055 | B66: AHV-05 | C66: Wait part | D66: 0.89791667 | E66: 0.90625 | F66: =+(E66-D66) -> 0.0083333333 | G66: =INT(F66*1440) -> 12
A67: 46055 | B67: AHV-05 | C67: Wait part | D67: 0.92708333 | E67: 0.95138889 | F67: =+(E67-D67) -> 0.024305556 | G67: =INT(F67*1440) -> 34
A68: 46055 | B68: AHV-05 | C68: Wait part | D68: 0.97916667 | E68: 1 | F68: =+(E68-D68) -> 0.020833333 | G68: =INT(F68*1440) -> 30
A69: 46055 | B69: AHV-05 | C69: Wait part | D69: 0.13194444 | E69: 0.1375 | F69: =+(E69-D69) -> 0.0055555556 | G69: =INT(F69*1440) -> 7
A70: 46055 | B70: AHV-05 | C70: Wait part | D70: 0.21527778 | E70: 0.22569444 | F70: =+(E70-D70) -> 0.010416667 | G70: =INT(F70*1440) -> 15
A71: 46056 | B71: AHV-06 | C71: Wait part | D71: 0.29166667 | E71: 0.30555556 | F71: =+(E71-D71) -> 0.013888889 | G71: =INT(F71*1440) -> 19
A72: 46056 | B72: AHV-06 | C72: Wait part | D72: 0.33333333 | E72: 0.36458333 | F72: =+(E72-D72) -> 0.03125 | G72: =INT(F72*1440) -> 45
A73: 46056 | B73: AHV-06 | C73: Wait part | D73: 0.44097222 | E73: 0.45138889 | F73: =+(E73-D73) -> 0.010416667 | G73: =INT(F73*1440) -> 14
A74: 46056 | B74: AHV-06 | C74: Wait part | D74: 0.47569444 | E74: 0.52430556 | F74: =+(E74-D74) -> 0.048611111 | G74: =INT(F74*1440) -> 70
... A77: 46056 | B77: AHV-06 | C77: Wait part | D77: 0.76041667 | E77: 0.79166667 | F77: =+(E77-D77) -> 0.03125 | G77: =INT(F77*1440) -> 45
A78: 46056 | B78: AHV-06 | C78: Wait part | D78: 0.83680556 | E78: 0.88194444 | F78: =+(E78-D78) -> 0.045138889 | G78: =INT(F78*1440) -> 65 | J78: =INT([2]DOWNTIME!$F78*1440) -> 51
A79: 46056 | B79: AHV-06 | C79: Wait part | D79: 0.90972222 | E79: 0.93055556 | F79: =+(E79-D79) -> 0.020833333 | G79: =INT(F79*1440) -> 29
A80: 46056 | B80: AHV-06 | C80: Wait part | D80: 0.97916667 | E80: 0.99652778 | F80: =+(E80-D80) -> 0.017361111 | G80: =INT(F80*1440) -> 25
A81: 46056 | B81: AHV-06 | C81: Wait part | D81: 0.024305556 | E81: 0.086805556 | F81: =+(E81-D81) -> 0.0625 | G81: =INT(F81*1440) -> 90
A82: 46056 | B82: AHV-06 | C82: Wait part | D82: 0.25 | E82: 0.29166667 | F82: =+(E82-D82) -> 0.041666667 | G82: =INT(F82*1440) -> 60
A83: 46057 | B83: AHV-06 | C83: Adj. machine | D83: 0.33680556 | E83: 0.34722222 | F83: =+(E83-D83) -> 0.010416667 | G83: =INT(F83*1440) -> 15 | L83: ลดจำนวนรูป save
A84: 46057 | B84: AHV-06 | C84: Wait part | D84: 0.75 | E84: 0.79166667 | F84: =+(E84-D84) -> 0.041666667 | G84: =INT(F84*1440) -> 59
A85: 46057 | B85: AHV-06 | C85: Wait part | D85: 0.79166667 | E85: 0.86458333 | F85: =+(E85-D85) -> 0.072916667 | G85: =INT(F85*1440) -> 105
A86: 46057 | B86: AHV-06 | C86: Wait part | D86: 0.88888889 | E86: 0.93055556 | F86: =+(E86-D86) -> 0.041666667 | G86: =INT(F86*1440) -> 59
A87: 46058 | B87: AHV-01 | C87: Wait part | D87: 0.72222222 | E87: 0.75694444 | F87: =+(E87-D87) -> 0.034722222 | G87: =INT(F87*1440) -> 50
A88: 46058 | B88: AHV-01 | C88: Wait part | D88: 0.79166667 | E88: 0.8125 | F88: =+(E88-D88) -> 0.020833333 | G88: =INT(F88*1440) -> 30
A89: 46058 | B89: AHV-01 | C89: Wait part | D89: 0.83541667 | E89: 0.89930556 | F89: =+(E89-D89) -> 0.063888889 | G89: =INT(F89*1440) -> 91
A90: 46058 | B90: AHV-01 | C90: Adj. machine | D90: 0.92013889 | E90: 0.9375 | F90: =+(E90-D90) -> 0.017361111 | G90: =INT(F90*1440) -> 25 | K90: AHV-01 ไม่ Run งาน | L90: ปิด-เปิด เครื่องใหม่ Clear ST.
A91: 46058 | B91: AHV-02 | C91: Wait part | D91: 0.70833333 | E91: 0.74305556 | F91: =+(E91-D91) -> 0.034722222 | G91: =INT(F91*1440) -> 49
A92: 46058 | B92: AHV-02 | C92: Wait part | D92: 0.86805556 | E92: 0.89583333 | F92: =+(E92-D92) -> 0.027777778 | G92: =INT(F92*1440) -> 40
A93: 46058 | B93: AHV-02 | C93: Wait part | D93: 0.03125 | E93: 0.055555556 | F93: =+(E93-D93) -> 0.024305556 | G93: =INT(F93*1440) -> 35
A94: 46058 | B94: AHV-02 | C94: Wait part | D94: 0.086805556 | E94: 0.11458333 | F94: =+(E94-D94) -> 0.027777778 | G94: =INT(F94*1440) -> 40
A95: 46058 | B95: AHV-03 | C95: Wait part | D95: 0.79166667 | E95: 0.79166667 | F95: =+(E95-D95) -> 0 | G95: =INT(F95*1440) -> 0
A96: 46058 | B96: AHV-03 | C96: PT-Chuck miss alarm | D96: 0.82638889 | E96: 0.82986111 | F96: =+(E96-D96) -> 0.0034722222 | G96: =INT(F96*1440) -> 5
A97: 46058 | B97: AHV-03 | C97: Wait part | D97: 0.86458333 | E97: 0.89236111 | F97: =+(E97-D97) -> 0.027777778 | G97: =INT(F97*1440) -> 40
A98: 46058 | B98: AHV-04 | C98: Adj. machine | D98: 0.50694444 | E98: 0.5625 | F98: =+(E98-D98) -> 0.055555556 | G98: =INT(F98*1440) -> 80 | K98: เปลี่ยน Gripper
A99: 46058 | B99: AHV-04 | C99: Wait part | D99: 0.79166667 | E99: 0.79861111 | F99: =+(E99-D99) -> 0.0069444444 | G99: =INT(F99*1440) -> 10
A100: 46058 | B100: AHV-04 | C100: Wait part | D100: 0.87847222 | E100: 0.88888889 | F100: =+(E100-D100) -> 0.010416667 | G100: =INT(F100*1440) -> 14
A101: 46058 | B101: AHV-04 | C101: Wait part | D101: 0.95138889 | E101: 0.96875 | F101: =+(E101-D101) -> 0.017361111 | G101: =INT(F101*1440) -> 25
A102: 46058 | B102: AHV-04 | C102: Wait part | D102: 0.020833333 | E102: 0.038194444 | F102: =+(E102-D102) -> 0.017361111 | G102: =INT(F102*1440) -> 25
A103: 46058 | B103: AHV-04 | C103: Wait part | D103: 0.064583333 | E103: 0.10416667 | F103: =+(E103-D103) -> 0.039583333 | G103: =INT(F103*1440) -> 57 | J103: =INT([2]DOWNTIME!$F103*1440) -> 60
...

Sheet EXPLAINTION
B2: รายการ | C2: หน่วย | D2: จำนวน/เวลา (นาที) | E2: คำอธิบาย
B3: A. เวลาทั้งหมด (Total Time) | C3: นาที | D3: (เช่น 8 ชั่วโมง = 480 นาที) | E3: เวลาทั้งหมดที่เครื่องจักรพร้อมใช้งาน (รวมเวลาที่ไม่ได้วางแผนผลิต)
B4: B. เวลาที่ไม่ได้วางแผนผลิต (Schedule Loss) | C4: นาที | D4: (เช่น พักกลางวัน, พักเบรก, ไม่มีออเดอร์) | E4: เวลาที่คุณไม่ได้ตั้งใจให้เครื่องจักรผลิต
B5: C. เวลาที่ควรทำงาน (Planned Production Time) | C5: นาที | D5: A - B | E5: เวลาที่กำหนดให้เครื่องจักรทำงาน (เวลาทั้งหมดที่เครื่องจักรอยู่ในสถานะ "ต้องทำงาน")
B6: D. เวลาหยุดตามแผน (Planned Downtime) | C6: นาที
B7: - เปลี่ยนรุ่น/ปรับตั้ง (Changeover/Setup) | C7: นาที | E7: เวลาที่ใช้ในการปรับเปลี่ยนเครื่องจักรสำหรับผลิตภัณฑ์ใหม่
B8: - บำรุงรักษาตามแผน (Planned Maintenance) | C8: นาที | E8: การบำรุงรักษาเชิงป้องกันหรือตามกำหนด
B9: - หยุดรอหัวหน้า/เอกสาร | C9: นาที | E9: การหยุดรอคำสั่ง หรือเอกสารที่จำเป็น
B10: - อื่นๆ (ระบุ) | C10: นาที
B11: E. เวลาหยุดนอกแผน (Unplanned Downtime) | C11: นาที
B12: - เครื่องเสีย/ขัดข้อง (Breakdown) | C12: นาที | E12: การหยุดทำงานกะทันหันของเครื่องจักร
B13: - รอวัตถุดิบ/ชิ้นส่วน (Material Shortage) | C13: นาที | E13: การขาดแคลนวัตถุดิบ ทำให้เครื่องจักรหยุด
B14: - รอคน/พนักงาน (Operator Unavailable) | C14: นาที | E14: พนักงานไม่พร้อมใช้งาน ทำให้เครื่องจักรหยุด
B15: - ไฟฟ้าดับ/ระบบขัดข้อง (Utility Failure) | C15: นาที | E15: ปัญหาเกี่ยวกับสาธารณูปโภค (ไฟฟ้า, น้ำ, ลม)
B16: - คุณภาพสินค้ามีปัญหา (Quality Issue Stop) | C16: นาที | E16: หยุดเครื่องเพื่อแก้ไขปัญหาสินค้าเสียจำนวนมาก
B17: - อื่นๆ (ระบุ) | C17: นาที
B18: F. รวมเวลาหยุดทั้งหมด (Total Stop Time) | C18: นาที | D18: D + E | E18: ผลรวมของเวลาหยุดตามแผนและหยุดนอกแผน
B19: G. เวลาที่เครื่องจักรทำงานจริง (Operating Time / Run Time) | C19: นาที | D19: C - F | E19: เวลาที่เครื่องจักรเดินเครื่องเพื่อผลิตจริงๆ
B20: ส่วนที่ 2: ข้อมูลการผลิต (Production Data)
B21: รายการ | C21: หน่วย | D21: จำนวน | E21: คำอธิบาย
B22: H. จำนวนชิ้นงานทั้งหมดที่ผลิตได้ (Total Count) | C22: ชิ้น | E22: จำนวนชิ้นงานทั้งหมดที่ผลิตออกมาได้ (รวมดีและเสีย)
B23: I. จำนวนชิ้นงานเสีย (Defect Count) | C23: ชิ้น | E23: จำนวนชิ้นงานที่ไม่ผ่านเกณฑ์คุณภาพ
B24: J. จำนวนชิ้นงานดี (Good Count) | C24: ชิ้น | D24: H - I | E24: จำนวนชิ้นงานที่ผลิตออกมาแล้วมีคุณภาพดี
B25: K. จำนวนชิ้นงานที่ควรผลิตได้ตามมาตรฐาน (Ideal Production Count) | C25: ชิ้น | D25: G times อัตราการผลิตมาตรฐาน | E25: จำนวนชิ้นงานที่ควรผลิตได้ในเวลาที่เครื่องจักรทำงานจริง
B26: ส่วนที่ 3: การคำนวณ OEE Factors
B27: รายการ | C27: สูตรคำนวณ
B28: Availability (A%) | C28: (G / C) times 100
B29: Performance (P%) | C29: (H / K) times 100 หรือ
C30: (Ideal Cycle Time times Total Count) / G
B31: Quality (Q%) | C31: (J / H) times 100
B32: OEE | C32: A% times P% times Q%
